video_url,exercise_id
https://www.youtube.com/watch?v=DHjpxtmxwmL,109
https://www.youtube.com/watch?v=BKJVlLSW8ma,391
https://www.youtube.com/watch?v=jRHmwapAo5t,269
https://www.youtube.com/watch?v=k2Srp47KRsZ,199
https://www.youtube.com/watch?v=bPO_PjGG2DK,332
https://www.youtube.com/watch?v=GsPjyiqKSvZ,153
https://www.youtube.com/watch?v=d3MACgDcRBb,364
https://www.youtube.com/watch?v=zuF79tR4hG5,366
https://www.youtube.com/watch?v=L1O6ukM0vDC,80
https://www.youtube.com/watch?v=MltzOKkv5pw,386
https://www.youtube.com/watch?v=Yd_EL_7eF-J,7
https://www.youtube.com/watch?v=yoLZgJrdaen,27
https://www.youtube.com/watch?v=zqi5bNBeR5a,95
https://www.youtube.com/watch?v=93Fg6QjlKkA,111
https://www.youtube.com/watch?v=3vqOpw2oAK8,396
https://www.youtube.com/watch?v=OldpbC1pIEK,492
https://www.youtube.com/watch?v=0r4seouPZ_-,356
https://www.youtube.com/watch?v=MQxIadSI6-e,19
https://www.youtube.com/watch?v=p7y-lJFo1qg,262
https://www.youtube.com/watch?v=gprJoVjQQl4,360
https://www.youtube.com/watch?v=A2Zzgw4glOx,328
https://www.youtube.com/watch?v=pbLKoXLtO-Y,186
https://www.youtube.com/watch?v=iNpaMSQeh3W,94
https://www.youtube.com/watch?v=qiGc0Ys8aem,441
https://www.youtube.com/watch?v=lheO2K3uBZE,76
https://www.youtube.com/watch?v=oTP7tMzZp9u,478
https://www.youtube.com/watch?v=CP5IhV3nNLM,193
https://www.youtube.com/watch?v=wN44ESvYoH-,133
https://www.youtube.com/watch?v=_N7ESMHBTxn,289
https://www.youtube.com/watch?v=XAW85Dvqjfv,26
https://www.youtube.com/watch?v=iOcnooYqswj,65
https://www.youtube.com/watch?v=KAtBEL4lMMt,419
https://www.youtube.com/watch?v=zSnWh1ChTVM,274
https://www.youtube.com/watch?v=5l4Q4Pg9YjF,369
https://www.youtube.com/watch?v=h2htzRotsA1,246
https://www.youtube.com/watch?v=tkGdh5wtU08,68
https://www.youtube.com/watch?v=ktWR252zIRE,407
https://www.youtube.com/watch?v=N4cW3kKkzDy,41
https://www.youtube.com/watch?v=cXT7-gDpS1C,149
https://www.youtube.com/watch?v=vxJB-HsIiDv,25
https://www.youtube.com/watch?v=94QIy9BdbtA,316
https://www.youtube.com/watch?v=bLLALaVLzit,66
https://www.youtube.com/watch?v=u80vH4HO7Gj,122
https://www.youtube.com/watch?v=CdFv8BzHN6H,291
https://www.youtube.com/watch?v=bqOZVcJs0UM,256
https://www.youtube.com/watch?v=MTnllHiNNjj,323
https://www.youtube.com/watch?v=PcEpJ5zqAC0,287
https://www.youtube.com/watch?v=GHqEDWiEnuU,423
https://www.youtube.com/watch?v=RbB2s2tDhpK,182
https://www.youtube.com/watch?v=uYclWObBN5f,116
https://www.youtube.com/watch?v=sxH3Zbz-Hkq,285
https://www.youtube.com/watch?v=GlwqSVz8ZYD,334
https://www.youtube.com/watch?v=DRsL34-ZgjR,226
https://www.youtube.com/watch?v=rKXLm7KLhPy,36
https://www.youtube.com/watch?v=46oxBGbBYg4,301
https://www.youtube.com/watch?v=FN2Me5j7r2w,257
https://www.youtube.com/watch?v=7vev0aRdKDj,176
https://www.youtube.com/watch?v=m5VeMriNEec,413
https://www.youtube.com/watch?v=j_wJO1AkJQk,415
https://www.youtube.com/watch?v=kKztNnWAIBK,422
https://www.youtube.com/watch?v=SMQI0plzgk8,459
https://www.youtube.com/watch?v=MG3A06qZdaf,431
https://www.youtube.com/watch?v=-0EHwORcAuP,5
https://www.youtube.com/watch?v=tI0RAk3ccS7,332
https://www.youtube.com/watch?v=W_MW714_oFm,431
https://www.youtube.com/watch?v=ZZ_5PJXfpiz,218
https://www.youtube.com/watch?v=QB0x1xd1P8a,237
https://www.youtube.com/watch?v=6oPtk6XbxyP,171
https://www.youtube.com/watch?v=Sr56Fa8NlZ-,99
https://www.youtube.com/watch?v=TX_bxPiArX2,190
https://www.youtube.com/watch?v=1bN41pSSI6T,329
https://www.youtube.com/watch?v=NDUvPPSkBih,47
https://www.youtube.com/watch?v=8bY_DyxovO3,285
https://www.youtube.com/watch?v=qcXJMT3uS-M,478
https://www.youtube.com/watch?v=tbMpE2CGgq5,47
https://www.youtube.com/watch?v=Ukj5SBrjURK,182
https://www.youtube.com/watch?v=wFOhKTBKIiw,117
https://www.youtube.com/watch?v=kh4ZMq5BIyv,311
https://www.youtube.com/watch?v=b2rx7k0wyvO,205
https://www.youtube.com/watch?v=njXL9K_HB7W,480
https://www.youtube.com/watch?v=Z6iqnIVRUAl,396
https://www.youtube.com/watch?v=f1moQBY2ZQx,125
https://www.youtube.com/watch?v=YJP_oabLCWX,109
https://www.youtube.com/watch?v=MpOtV3lBD5T,149
https://www.youtube.com/watch?v=FE7LHwjQdfp,315
https://www.youtube.com/watch?v=_eGaoSKxnCm,305
https://www.youtube.com/watch?v=DTWvVLJ6whF,121
https://www.youtube.com/watch?v=ez_L_2sa68i,308
https://www.youtube.com/watch?v=ET1k4sPby43,391
https://www.youtube.com/watch?v=ahNLqdWfkV9,429
https://www.youtube.com/watch?v=P5uMV2KIyPR,374
https://www.youtube.com/watch?v=6TrsGHnk6PY,133
https://www.youtube.com/watch?v=-uAT7nyMysy,317
https://www.youtube.com/watch?v=Fg1pYqytCjR,486
https://www.youtube.com/watch?v=t94rB__6eAA,66
https://www.youtube.com/watch?v=9-jxbAyyHXl,101
https://www.youtube.com/watch?v=1Wyq7fiWgJd,300
https://www.youtube.com/watch?v=vFn9urRnNmb,30
https://www.youtube.com/watch?v=enig1hYH3Nm,452
https://www.youtube.com/watch?v=GYtjdQq3Wez,389
https://www.youtube.com/watch?v=c8ErJ4FpzWH,183
https://www.youtube.com/watch?v=FcvfS4jcLhs,374
https://www.youtube.com/watch?v=ydopRL7PnZl,407
https://www.youtube.com/watch?v=xkN9zCMcVyl,172
https://www.youtube.com/watch?v=-P04ww6dXrf,453
https://www.youtube.com/watch?v=mCDn0zb3Tk6,280
https://www.youtube.com/watch?v=MVvsoEAqvHb,166
https://www.youtube.com/watch?v=qD1mOKF97wr,221
https://www.youtube.com/watch?v=25Avh42zK6D,245
https://www.youtube.com/watch?v=J1lnrXQubUf,139
https://www.youtube.com/watch?v=USILlnUca_T,124
https://www.youtube.com/watch?v=BNAEbu4PwUh,176
https://www.youtube.com/watch?v=MAUtM3PhCnL,33
https://www.youtube.com/watch?v=3rWdxldEmnz,312
https://www.youtube.com/watch?v=ka1QJDxt2rL,471
https://www.youtube.com/watch?v=-wVNw5wtOrW,340
https://www.youtube.com/watch?v=VD9lHW_SjOP,460
https://www.youtube.com/watch?v=IZBun6d6kvu,327
https://www.youtube.com/watch?v=5vqHbJF_4aT,407
https://www.youtube.com/watch?v=x7DZuGfKIkT,85
https://www.youtube.com/watch?v=pKZIb1j0OSB,21
https://www.youtube.com/watch?v=0A4Sb51VOee,485
https://www.youtube.com/watch?v=YJhhF6unz9I,44
https://www.youtube.com/watch?v=qGCrdrumXL3,493
https://www.youtube.com/watch?v=4IeOrSyuCaX,12
https://www.youtube.com/watch?v=ZudtYhipRNM,196
https://www.youtube.com/watch?v=k5q87MVfyA0,52
https://www.youtube.com/watch?v=_ygUKjWKU7d,230
https://www.youtube.com/watch?v=tfJn8_L3aX9,478
https://www.youtube.com/watch?v=Jo6slx5UN9P,198
https://www.youtube.com/watch?v=NZRrHqyeQEI,276
https://www.youtube.com/watch?v=tbfunfF6IpH,324
https://www.youtube.com/watch?v=fOcnfICNi5j,92
https://www.youtube.com/watch?v=3pFO461slh5,334
https://www.youtube.com/watch?v=tAhLNh0ehRK,317
https://www.youtube.com/watch?v=6RwOP93Lc50,379
https://www.youtube.com/watch?v=hdSmiXHPV6g,1
https://www.youtube.com/watch?v=njAKc1uN0J5,295
https://www.youtube.com/watch?v=L8cmhnBlWHg,25
https://www.youtube.com/watch?v=_U5987mOxOo,265
https://www.youtube.com/watch?v=IAkPt1o0ABq,89
https://www.youtube.com/watch?v=DP9yxauZt9C,278
https://www.youtube.com/watch?v=vrwNuz0XKoO,25
https://www.youtube.com/watch?v=5oPiy6cpug_,123
https://www.youtube.com/watch?v=N2WYDxlAUUx,95
https://www.youtube.com/watch?v=p61Rw2IKWGt,346
https://www.youtube.com/watch?v=tImg34_YQcx,7
https://www.youtube.com/watch?v=WT3CKDOH7DF,127
https://www.youtube.com/watch?v=s_LDV0RYISM,61
https://www.youtube.com/watch?v=gJlCzEmJirx,177
https://www.youtube.com/watch?v=AzwecAiW5xl,413
https://www.youtube.com/watch?v=POD-5_OakvB,32
https://www.youtube.com/watch?v=8NnuGLEBUMp,74
https://www.youtube.com/watch?v=E-HsfaPqlf3,369
https://www.youtube.com/watch?v=gzpsxV_6u1n,384
https://www.youtube.com/watch?v=pjURCw_1vC9,490
https://www.youtube.com/watch?v=RoV-VGab-E2,351
https://www.youtube.com/watch?v=2vwM_zeahDL,356
https://www.youtube.com/watch?v=x5HRDzz9MWN,334
https://www.youtube.com/watch?v=dusip1glfPj,301
https://www.youtube.com/watch?v=X8Tu7cWCV4N,470
https://www.youtube.com/watch?v=IVRHPMUGfgm,374
https://www.youtube.com/watch?v=Fz2c1d8QEL1,183
https://www.youtube.com/watch?v=9Zr8J9JvFwt,243
https://www.youtube.com/watch?v=zVxj8L3u-MR,173
https://www.youtube.com/watch?v=puj_xqrI2gX,122
https://www.youtube.com/watch?v=77j1qxF1z5J,97
https://www.youtube.com/watch?v=pkCPDzm4EBf,331
https://www.youtube.com/watch?v=hZZ0A_8TAiA,249
https://www.youtube.com/watch?v=01R_sut3AW6,221
https://www.youtube.com/watch?v=CLffybfeESe,276
https://www.youtube.com/watch?v=h2ssmcnJgpZ,66
https://www.youtube.com/watch?v=Z_QDU5psKVh,479
https://www.youtube.com/watch?v=P7h42rJgS-w,14
https://www.youtube.com/watch?v=fp2JGZ1vxZ-,110
https://www.youtube.com/watch?v=yTrZS6VraSj,381
https://www.youtube.com/watch?v=pbJOUseY_5p,116
https://www.youtube.com/watch?v=GNjttcedr1S,82
https://www.youtube.com/watch?v=GdLdT9w6O-n,494
https://www.youtube.com/watch?v=o1cdNPFjqtI,408
https://www.youtube.com/watch?v=EomU_tad0RP,406
https://www.youtube.com/watch?v=kvn7CxJMgxD,305
https://www.youtube.com/watch?v=2bDV7FjsDt6,214
https://www.youtube.com/watch?v=NexWWm6uTLt,174
https://www.youtube.com/watch?v=1W-2GikOuWD,233
https://www.youtube.com/watch?v=RxTulf4pq9v,101
https://www.youtube.com/watch?v=PCbOfYZGa3E,352
https://www.youtube.com/watch?v=SbyGWs0iXKU,5
https://www.youtube.com/watch?v=RVXouB9tqux,490
https://www.youtube.com/watch?v=Oir2e_2vt3O,71
https://www.youtube.com/watch?v=q5p_EL5Fd0U,494
https://www.youtube.com/watch?v=LiSJzXC_hsc,467
https://www.youtube.com/watch?v=S2ue088Sscu,175
https://www.youtube.com/watch?v=68eDtlXLeau,184
https://www.youtube.com/watch?v=-SFmksgTar1,397
https://www.youtube.com/watch?v=8o3fPKv-Lwn,40
https://www.youtube.com/watch?v=txpmf39JWMQ,411
https://www.youtube.com/watch?v=PnX3sdgRBBE,80
https://www.youtube.com/watch?v=iEvhBOOGbyG,113
https://www.youtube.com/watch?v=FsXmt4vFNOx,472
https://www.youtube.com/watch?v=rKZgFfJbrKf,353
https://www.youtube.com/watch?v=svXT2HHDVAm,272
https://www.youtube.com/watch?v=Seg5J4m5hpK,474
https://www.youtube.com/watch?v=fx9xpM24diq,112
https://www.youtube.com/watch?v=Gr6Jw7E5wnh,263
https://www.youtube.com/watch?v=4mZ8Q8gce46,317
https://www.youtube.com/watch?v=7Ijt3kHIYbF,195
https://www.youtube.com/watch?v=ylB2JxW368E,106
https://www.youtube.com/watch?v=5dFpI7hBbDv,98
https://www.youtube.com/watch?v=7xQI2C0-cVT,449
https://www.youtube.com/watch?v=ZKgKxnzRPqK,220
https://www.youtube.com/watch?v=KcLbcUKb0n4,478
https://www.youtube.com/watch?v=bwgtnl1KQDx,35
https://www.youtube.com/watch?v=ILCsqP6hyB5,310
https://www.youtube.com/watch?v=RinGrPyrrHn,100
https://www.youtube.com/watch?v=jRoSGA6Jfj-,207
https://www.youtube.com/watch?v=6aLAFqUrJ_g,346
https://www.youtube.com/watch?v=0Gp9bTpPLwD,148
https://www.youtube.com/watch?v=aCBXdzYzX9x,61
https://www.youtube.com/watch?v=AczZx3949Ah,303
https://www.youtube.com/watch?v=OFgiIVxV5H0,407
https://www.youtube.com/watch?v=8TJoN8y6-zh,190
https://www.youtube.com/watch?v=jR-u3pQMnRE,428
https://www.youtube.com/watch?v=VG-pmZ57ORy,158
https://www.youtube.com/watch?v=38WlqPD44Na,84
https://www.youtube.com/watch?v=88dypAJzuJY,387
https://www.youtube.com/watch?v=yqVShYaYNFY,384
https://www.youtube.com/watch?v=u_EjJsu3-3d,329
https://www.youtube.com/watch?v=5Z-wtH79I-8,457
https://www.youtube.com/watch?v=kUAeaSygRbS,179
https://www.youtube.com/watch?v=sefEWOrU7OZ,310
https://www.youtube.com/watch?v=l2EqYGEClQA,425
https://www.youtube.com/watch?v=FKtnJ7g0HnW,160
https://www.youtube.com/watch?v=jv9CpZMbkUX,466
https://www.youtube.com/watch?v=ifNECKbtBrS,1
https://www.youtube.com/watch?v=UkfElrCsl9s,350
https://www.youtube.com/watch?v=NsRjpFoh6g9,154
https://www.youtube.com/watch?v=PUPPxL5miyq,152
https://www.youtube.com/watch?v=DQUZ_cuW8KW,427
https://www.youtube.com/watch?v=26PtqP4x3FT,425
https://www.youtube.com/watch?v=deQQDQz7hSP,286
https://www.youtube.com/watch?v=pIFihupq9YB,491
https://www.youtube.com/watch?v=iyiypvZjW4R,221
https://www.youtube.com/watch?v=8F2gIBz-BcE,54
https://www.youtube.com/watch?v=U_lxjaC8yFA,450
https://www.youtube.com/watch?v=dSVQytVFK-g,422
https://www.youtube.com/watch?v=hmQ3S1Hyi3u,370
https://www.youtube.com/watch?v=g2F4r14F0hP,235
https://www.youtube.com/watch?v=7Sf2W4KbJaX,438
https://www.youtube.com/watch?v=uGC0a91TlFU,278
https://www.youtube.com/watch?v=sGIfYvhfTKD,337
https://www.youtube.com/watch?v=BzDw0NHjOXS,3
https://www.youtube.com/watch?v=5ct8vRhGZc2,428
https://www.youtube.com/watch?v=-JRLo2OblHM,411
https://www.youtube.com/watch?v=zCuftVToqpl,3
https://www.youtube.com/watch?v=21hbBry8I-3,110
https://www.youtube.com/watch?v=FaffwJ3juwT,311
https://www.youtube.com/watch?v=PvwDZ5J3kZD,489
https://www.youtube.com/watch?v=GQF3lI_ATeN,257
https://www.youtube.com/watch?v=ACJ0Z8NRbrV,66
https://www.youtube.com/watch?v=SMd6QRM1fsq,472
https://www.youtube.com/watch?v=BhS8gIZ-it8,424
https://www.youtube.com/watch?v=L-Y5xBL8U0g,204
https://www.youtube.com/watch?v=CDzuO6_UCwd,199
https://www.youtube.com/watch?v=2Zhl-yMn3tJ,488
https://www.youtube.com/watch?v=_W5ZtUigHQi,340
https://www.youtube.com/watch?v=q9dLA3sJFcY,15
https://www.youtube.com/watch?v=6R_wQNapoHS,434
https://www.youtube.com/watch?v=b7PLIbm5JIH,119
https://www.youtube.com/watch?v=_F_Qfj-YIUh,481
https://www.youtube.com/watch?v=vchY7ET9Bz6,29
https://www.youtube.com/watch?v=jGJFqL-WLFH,158
https://www.youtube.com/watch?v=RwgyJ7gVAJt,160
https://www.youtube.com/watch?v=hQebvnCNyuv,483
https://www.youtube.com/watch?v=yJYhyNee_gs,139
https://www.youtube.com/watch?v=EooL61roBFv,256
https://www.youtube.com/watch?v=-tWJjkvqZ2M,264
https://www.youtube.com/watch?v=tlofpL86LHO,205
https://www.youtube.com/watch?v=fKHX94xmDnB,474
https://www.youtube.com/watch?v=nfhYNfqiMSe,474
https://www.youtube.com/watch?v=GcCdJCWYgEW,60
https://www.youtube.com/watch?v=ArICkOC_2lG,332
https://www.youtube.com/watch?v=EXbJrT8bs3g,92
https://www.youtube.com/watch?v=8WV8on03yn0,117
https://www.youtube.com/watch?v=bI0LL8KXpAN,221
https://www.youtube.com/watch?v=CefuDHT9yYm,167
https://www.youtube.com/watch?v=kNUOZ76RgCF,374
https://www.youtube.com/watch?v=jPv79i-lSIn,131
https://www.youtube.com/watch?v=2c-QIlrYGxd,360
https://www.youtube.com/watch?v=M10fUiuGSNn,450
https://www.youtube.com/watch?v=xBNkW97zhZo,98
https://www.youtube.com/watch?v=onb6bJ3spkY,396
https://www.youtube.com/watch?v=4Jp9Q_VoSxz,245
https://www.youtube.com/watch?v=7yeXvfwTJaT,499
https://www.youtube.com/watch?v=Kf49kNTXKj1,155
https://www.youtube.com/watch?v=wZBiG8kbk8j,248
https://www.youtube.com/watch?v=PO-QpQkUjJh,99
https://www.youtube.com/watch?v=UDb0WTLu1gw,91
https://www.youtube.com/watch?v=U5XJw5RW6cu,377
https://www.youtube.com/watch?v=1jVONRya3cq,475
https://www.youtube.com/watch?v=OQYzJ0EacZb,204
https://www.youtube.com/watch?v=CaAlQteR4pk,261
https://www.youtube.com/watch?v=iIO7SKIBOpW,13
https://www.youtube.com/watch?v=iZ6E4JQFkHv,392
https://www.youtube.com/watch?v=uR73bQfTTWc,30
https://www.youtube.com/watch?v=EunwMRXbTt0,208
https://www.youtube.com/watch?v=ieDQvWuYPGa,57
https://www.youtube.com/watch?v=Z1kKa6niSs2,114
https://www.youtube.com/watch?v=ad0EDt-zsxc,84
https://www.youtube.com/watch?v=OY31zy7EReC,197
https://www.youtube.com/watch?v=xpyFiL_wtxV,118
https://www.youtube.com/watch?v=QZb03DAuysp,328
https://www.youtube.com/watch?v=jhChx7R4Wuv,374
https://www.youtube.com/watch?v=P9IPOtNy2an,273
https://www.youtube.com/watch?v=SBZ-0G5edeW,62
https://www.youtube.com/watch?v=g2_uwUx4_6E,101
https://www.youtube.com/watch?v=UqlOwC7dAt8,457
https://www.youtube.com/watch?v=7409bgzC-Pn,144
https://www.youtube.com/watch?v=lCqmRUKBN29,106
https://www.youtube.com/watch?v=c3mtqfTYKRD,337
https://www.youtube.com/watch?v=B3c9DFLH4B8,393
https://www.youtube.com/watch?v=H70NVkHLU8t,331
https://www.youtube.com/watch?v=aMwFRV3uP6x,328
https://www.youtube.com/watch?v=IKs7vrsL-Wx,309
https://www.youtube.com/watch?v=e8GjqxaJKD8,50
https://www.youtube.com/watch?v=8Lowzhmmt-7,274
https://www.youtube.com/watch?v=jzo4wC_zhhC,148
https://www.youtube.com/watch?v=04526E9fAGV,68
https://www.youtube.com/watch?v=gy6C62j2OYM,86
https://www.youtube.com/watch?v=HUDbgCG3ur6,392
https://www.youtube.com/watch?v=qZe-bdMmPuH,312
https://www.youtube.com/watch?v=YqEhNpAvwIf,457
https://www.youtube.com/watch?v=PzgAEC2K_MU,218
https://www.youtube.com/watch?v=-T04f3SJU1Q,54
https://www.youtube.com/watch?v=vjyK6zXU2d2,23
https://www.youtube.com/watch?v=KTevN0iMrtm,94
https://www.youtube.com/watch?v=awKFFZ1NrGr,217
https://www.youtube.com/watch?v=s8_jpEbDvqz,69
https://www.youtube.com/watch?v=iNj75xikk0J,1
https://www.youtube.com/watch?v=IbK1o_utdCF,242
https://www.youtube.com/watch?v=acT7LfDQh9M,425
https://www.youtube.com/watch?v=rXw8q3tuEws,408
https://www.youtube.com/watch?v=1ZcOtY3YTJr,67
https://www.youtube.com/watch?v=EWev1AoCexB,112
https://www.youtube.com/watch?v=kITbyeEHL5V,131
https://www.youtube.com/watch?v=FkTmhPvvS01,430
https://www.youtube.com/watch?v=dYq1BzN7QKU,220
https://www.youtube.com/watch?v=8ZhMvdz8ZhN,381
https://www.youtube.com/watch?v=eC5bqinOTAa,35
https://www.youtube.com/watch?v=d-LOWrOhu-g,475
https://www.youtube.com/watch?v=KQVyVMt2Ox5,170
https://www.youtube.com/watch?v=yyhFqbRZhoS,289
https://www.youtube.com/watch?v=OsfTRJ6rwM2,15
https://www.youtube.com/watch?v=TDZdA0OPNjz,390
https://www.youtube.com/watch?v=gANaLHc5FQx,234
https://www.youtube.com/watch?v=nkTjn11KztT,193
https://www.youtube.com/watch?v=7KH4H2MSOdA,267
https://www.youtube.com/watch?v=PzAauIO7KGw,456
https://www.youtube.com/watch?v=Mg32Jp3tnjJ,193
https://www.youtube.com/watch?v=WtckoEjVnOX,270
https://www.youtube.com/watch?v=8-WUd1R8GYi,377
https://www.youtube.com/watch?v=KDTdkMA_1bZ,417
https://www.youtube.com/watch?v=MElM9PWoI3S,470
https://www.youtube.com/watch?v=Whci7gdArnS,464
https://www.youtube.com/watch?v=85xJ1XeGKHA,472
https://www.youtube.com/watch?v=BbIoH8Cu2qd,6
https://www.youtube.com/watch?v=TsLP3-xoZ69,416
https://www.youtube.com/watch?v=Nv8-6zxH2xP,153
https://www.youtube.com/watch?v=d7EhL9tUAcR,420
https://www.youtube.com/watch?v=poE2KGJ0a3z,115
https://www.youtube.com/watch?v=FMUFtk5SQbY,373
https://www.youtube.com/watch?v=i-1sT2y-dvh,172
https://www.youtube.com/watch?v=Xzcptq4S981,355
https://www.youtube.com/watch?v=bYtHAHE-Eik,90
https://www.youtube.com/watch?v=BH9UIAQd47o,103
https://www.youtube.com/watch?v=78o-3AAJb-j,111
https://www.youtube.com/watch?v=xqZi_t8Bknm,382
https://www.youtube.com/watch?v=cx8HYIRkBtl,480
https://www.youtube.com/watch?v=s5jHhDIkI32,263
https://www.youtube.com/watch?v=QP90dmOHUKk,125
https://www.youtube.com/watch?v=BwWfFeScmr4,248
https://www.youtube.com/watch?v=xYlPRQcE5NP,29
https://www.youtube.com/watch?v=6dLVMDzvmi_,491
https://www.youtube.com/watch?v=g8WND5WVQOh,13
https://www.youtube.com/watch?v=me9kOtiZvII,309
https://www.youtube.com/watch?v=h5ecsFs6Q_K,177
https://www.youtube.com/watch?v=eBvExmYgAgx,115
https://www.youtube.com/watch?v=RnOsXglJNlX,131
https://www.youtube.com/watch?v=OVOltOlWgW-,355
https://www.youtube.com/watch?v=6lsqvBpXcFa,46
https://www.youtube.com/watch?v=GeHylp72CCB,325
https://www.youtube.com/watch?v=6Jlgn0deKDh,144
https://www.youtube.com/watch?v=wvguGJBbmgj,200
https://www.youtube.com/watch?v=kdAnT5ZfKrw,427
https://www.youtube.com/watch?v=Jrzzy33_MeU,381
https://www.youtube.com/watch?v=Vyz8LnQtDYA,236
https://www.youtube.com/watch?v=2PxW7qn41DW,471
https://www.youtube.com/watch?v=XSrblMcWeOP,6
https://www.youtube.com/watch?v=5aYCKnXV-tF,418
https://www.youtube.com/watch?v=TlKtfhRQxSB,110
https://www.youtube.com/watch?v=Txfgc5z8OsI,352
https://www.youtube.com/watch?v=fufaTv4l-z7,356
https://www.youtube.com/watch?v=hPhF52PMMA0,382
https://www.youtube.com/watch?v=Yk_DcARy2zE,148
https://www.youtube.com/watch?v=VZ7Na5yA5-m,281
https://www.youtube.com/watch?v=pnhHPHvvzHv,135
https://www.youtube.com/watch?v=3qmq0yIrbU8,89
https://www.youtube.com/watch?v=S25t2d1VlmQ,370
https://www.youtube.com/watch?v=O-KswDVyikr,219
https://www.youtube.com/watch?v=XeRLni_pspG,392
https://www.youtube.com/watch?v=hD96r0IAXxq,448
https://www.youtube.com/watch?v=IIqQLL1C7tl,209
https://www.youtube.com/watch?v=sILyFfLujTk,48
https://www.youtube.com/watch?v=fTiIfLjumdg,34
https://www.youtube.com/watch?v=O2KzY1lxHvd,136
https://www.youtube.com/watch?v=Usr_wC_yeih,406
https://www.youtube.com/watch?v=MYVA_Ed8QAn,118
https://www.youtube.com/watch?v=2SilFvoP2hP,103
https://www.youtube.com/watch?v=DigUj7VuW0j,500
https://www.youtube.com/watch?v=uLha9Yw-K2L,364
https://www.youtube.com/watch?v=YIRkivVTsdn,465
https://www.youtube.com/watch?v=bDCruXOqqan,83
https://www.youtube.com/watch?v=cmwZCmUzgP3,382
https://www.youtube.com/watch?v=G0MUNeEyKuo,276
https://www.youtube.com/watch?v=mugQ9pOGgGd,373
https://www.youtube.com/watch?v=3tCgQNo-xz8,354
https://www.youtube.com/watch?v=kxkACDWqTfo,81
https://www.youtube.com/watch?v=49-WtmSlCF_,341
https://www.youtube.com/watch?v=oOijzUOkXLz,406
https://www.youtube.com/watch?v=yTa-uuorraS,425
https://www.youtube.com/watch?v=Bbro9svW4DG,369
https://www.youtube.com/watch?v=a994eg4olcG,392
https://www.youtube.com/watch?v=iouujcnl5hw,253
https://www.youtube.com/watch?v=2PwSjXQnrN8,466
https://www.youtube.com/watch?v=mJ6wL-p44k7,341
https://www.youtube.com/watch?v=U9a5Osar6J3,86
https://www.youtube.com/watch?v=jjBGintWorz,94
https://www.youtube.com/watch?v=it82ywBoBnQ,267
https://www.youtube.com/watch?v=6llor0Q_Mqd,472
https://www.youtube.com/watch?v=TvX8H7yJXmY,386
https://www.youtube.com/watch?v=5kb7KWHlhuA,384
https://www.youtube.com/watch?v=6wv00XFISqJ,395
https://www.youtube.com/watch?v=pEOIaR2R_cA,402
https://www.youtube.com/watch?v=skXh5E_0_Jm,130
https://www.youtube.com/watch?v=YBluM4fz2Ip,425
https://www.youtube.com/watch?v=ZHghRmynnwe,240
https://www.youtube.com/watch?v=PJcQpRBWzX0,194
https://www.youtube.com/watch?v=oic5eL2CSh7,83
https://www.youtube.com/watch?v=ytx4miJJ8EJ,190
https://www.youtube.com/watch?v=ZpsudAr6Im4,290
https://www.youtube.com/watch?v=HI2ZtRISsXZ,495
https://www.youtube.com/watch?v=FUscXp1xsMW,113
https://www.youtube.com/watch?v=l2Tj-WkWjO4,147
https://www.youtube.com/watch?v=Fl6HgvQFBXP,154
https://www.youtube.com/watch?v=cGq80mjXaj4,9
https://www.youtube.com/watch?v=sxMPyDbG2Dj,141
https://www.youtube.com/watch?v=lF3fHsuRp6K,340
https://www.youtube.com/watch?v=Y3b3-gsz5v_,434
https://www.youtube.com/watch?v=UyptTcnIdgj,285
https://www.youtube.com/watch?v=_W-8AslQ0kW,497
https://www.youtube.com/watch?v=lboPK6SjUPP,422
https://www.youtube.com/watch?v=Sq5l4nhzTzq,296
https://www.youtube.com/watch?v=1agd04NCt24,123
https://www.youtube.com/watch?v=dJtgysPSaLp,307
https://www.youtube.com/watch?v=7wbOIAs6I6O,392
https://www.youtube.com/watch?v=de50WofDd8j,93
https://www.youtube.com/watch?v=N3GqUysh-ci,235
https://www.youtube.com/watch?v=e73wrW0JdYH,275
https://www.youtube.com/watch?v=uuSof44pUyJ,180
https://www.youtube.com/watch?v=yaCyiOEWUBX,291
https://www.youtube.com/watch?v=zcq1scmrk49,96
https://www.youtube.com/watch?v=hyyCpEoOl8W,459
https://www.youtube.com/watch?v=ovI5W_uAafQ,144
https://www.youtube.com/watch?v=8NjN8zp8bD-,237
https://www.youtube.com/watch?v=5WQ24DGKnFU,347
https://www.youtube.com/watch?v=T4Dkk3KgvEE,369
https://www.youtube.com/watch?v=SNnKfjJh62N,361
https://www.youtube.com/watch?v=6UfONCkZWMz,343
https://www.youtube.com/watch?v=kNjjZ2VrJ6q,79
https://www.youtube.com/watch?v=hsB28R7Kx2V,411
https://www.youtube.com/watch?v=4gL8wyLQodM,21
https://www.youtube.com/watch?v=EEmVLM6OWoQ,138
https://www.youtube.com/watch?v=rPK23g4O-8t,113
https://www.youtube.com/watch?v=My9TwMpdA0r,214
https://www.youtube.com/watch?v=c9J1MODQkX0,77
https://www.youtube.com/watch?v=DX2mJF2Gn9i,460
https://www.youtube.com/watch?v=GSjrDoswbqw,11
https://www.youtube.com/watch?v=36ysikkmLyF,29
https://www.youtube.com/watch?v=4zk1oyL9IlR,142
https://www.youtube.com/watch?v=FmhZ5B21WKC,122
https://www.youtube.com/watch?v=MfWHU_znWYY,355
https://www.youtube.com/watch?v=FdLe0bWP6rR,1
https://www.youtube.com/watch?v=QaQqvv-rqiM,495
https://www.youtube.com/watch?v=EsgbwNY8zdS,282
https://www.youtube.com/watch?v=ITu9JOwRqyu,368
https://www.youtube.com/watch?v=L5ahW2GDnPl,355
https://www.youtube.com/watch?v=4Gkhg3NX4Wj,472
https://www.youtube.com/watch?v=UEIhq3SgO0Z,174
https://www.youtube.com/watch?v=1kNJ1Oxx0VS,308
https://www.youtube.com/watch?v=UNfFiNMML-9,80
https://www.youtube.com/watch?v=aAowsPNivWj,311
https://www.youtube.com/watch?v=9ZxsPJiQvbJ,135
https://www.youtube.com/watch?v=Tl02Jf9sKt-,21
https://www.youtube.com/watch?v=NpUjt-pkdgG,473
https://www.youtube.com/watch?v=VzG6mphUy_0,357
https://www.youtube.com/watch?v=OufKo8Mbe_S,145
https://www.youtube.com/watch?v=RQiH-D3_8Zo,117
https://www.youtube.com/watch?v=HoGjWcKfJeV,380
https://www.youtube.com/watch?v=QXF8SefOg4M,444
https://www.youtube.com/watch?v=BUM4SEQULZa,411
https://www.youtube.com/watch?v=UdT2WOtCiw3,483
https://www.youtube.com/watch?v=2bNtd6gsjpw,459
https://www.youtube.com/watch?v=xnX2vijjNbB,97
https://www.youtube.com/watch?v=T21rQNQ3mrK,12
https://www.youtube.com/watch?v=2xoNI627gio,91
https://www.youtube.com/watch?v=WwcP0Vn1RRi,120
https://www.youtube.com/watch?v=JBCuMqJ1gfN,413
https://www.youtube.com/watch?v=X9Fno4j9lVn,167
https://www.youtube.com/watch?v=jBpsaI_bCtx,155
https://www.youtube.com/watch?v=MKzVlnvI8q3,36
https://www.youtube.com/watch?v=h8clFwu98SU,320
https://www.youtube.com/watch?v=735F4IKPdFs,145
https://www.youtube.com/watch?v=XDpawP13btA,211
https://www.youtube.com/watch?v=Y8wpmuMLRFj,294
https://www.youtube.com/watch?v=81FABvYojDR,218
https://www.youtube.com/watch?v=Bf7ReEND_G-,432
https://www.youtube.com/watch?v=up4TK6DCeeu,227
https://www.youtube.com/watch?v=rqBOZqHDHb1,371
https://www.youtube.com/watch?v=uxygw_HOmqg,319
https://www.youtube.com/watch?v=dFgactkg0A1,59
https://www.youtube.com/watch?v=ipybdNtT35L,437
https://www.youtube.com/watch?v=j4wg7zOuwR_,168
https://www.youtube.com/watch?v=eFCWlgpeJbJ,480
https://www.youtube.com/watch?v=FdjCBM1ycq5,449
https://www.youtube.com/watch?v=wo7N7nM1PmO,482
https://www.youtube.com/watch?v=c-TGZiI3xdo,226
https://www.youtube.com/watch?v=jlYMc0QO6qs,237
https://www.youtube.com/watch?v=_fozeODSMyz,426
https://www.youtube.com/watch?v=t2Wn3-AMUQn,19
https://www.youtube.com/watch?v=AfxlPeAIgi8,292
https://www.youtube.com/watch?v=_3-meLybI0H,245
https://www.youtube.com/watch?v=zaQ5-wb087Q,87
https://www.youtube.com/watch?v=cYnz5l6wtdI,201
https://www.youtube.com/watch?v=mryCE9U0JId,233
https://www.youtube.com/watch?v=9nJwuSNSBjm,125
https://www.youtube.com/watch?v=HuBegd3GuPP,473
https://www.youtube.com/watch?v=iltcZYhUevZ,446
https://www.youtube.com/watch?v=M-Bsp-8nxxn,354
https://www.youtube.com/watch?v=WWQzOo3Mocl,259
https://www.youtube.com/watch?v=4hnNHFCs9rH,181
https://www.youtube.com/watch?v=Mc-MXs1Cl_u,16
https://www.youtube.com/watch?v=nLWTou0z2yN,409
https://www.youtube.com/watch?v=0t4eXZSPOV5,157
https://www.youtube.com/watch?v=6k6sGFODWW6,196
https://www.youtube.com/watch?v=CGydcxoyjpv,341
https://www.youtube.com/watch?v=WyYtz1SDeoQ,492
https://www.youtube.com/watch?v=JLFabKSI-ce,78
https://www.youtube.com/watch?v=JGoSpZahweB,127
https://www.youtube.com/watch?v=KrOVMLhQjlM,293
https://www.youtube.com/watch?v=M8msXDP6Xyc,332
https://www.youtube.com/watch?v=UZ1sdnibwER,231
https://www.youtube.com/watch?v=nIgE40x0NM9,423
https://www.youtube.com/watch?v=ZlteX6IecvD,421
https://www.youtube.com/watch?v=BaBfswqvy3o,221
https://www.youtube.com/watch?v=FbJg8a2HgbB,404
https://www.youtube.com/watch?v=V-dac9cWEOh,314
https://www.youtube.com/watch?v=V4vZbal51r7,176
https://www.youtube.com/watch?v=VS6qc3RJap1,404
https://www.youtube.com/watch?v=TVeFkVE-3Vy,323
https://www.youtube.com/watch?v=Ka6ZYxdLXZG,279
https://www.youtube.com/watch?v=85HpOaf67d6,271
https://www.youtube.com/watch?v=_XZU3_WQKVQ,221
https://www.youtube.com/watch?v=3GyUdc0ITwA,479
https://www.youtube.com/watch?v=fXXrARN5PwR,435
https://www.youtube.com/watch?v=4ufyReumEiG,423
https://www.youtube.com/watch?v=rDSKLu22eha,351
https://www.youtube.com/watch?v=bgfmVG2BjUM,359
https://www.youtube.com/watch?v=IlNczztOQBV,284
https://www.youtube.com/watch?v=8-sPYZ898jL,274
https://www.youtube.com/watch?v=QuWnSbHxBzj,441
https://www.youtube.com/watch?v=odE8DSeOpuO,358
https://www.youtube.com/watch?v=XF6PUqTSHhZ,198
https://www.youtube.com/watch?v=I4mpWFdXqgk,295
https://www.youtube.com/watch?v=PQXoTvr_pK5,82
https://www.youtube.com/watch?v=_pcVFG2IDUe,58
https://www.youtube.com/watch?v=AGJVz87ryuv,341
https://www.youtube.com/watch?v=MsuFKbWBKHo,366
https://www.youtube.com/watch?v=umyX12tNn9V,52
https://www.youtube.com/watch?v=X6H0oK1NA_0,60
https://www.youtube.com/watch?v=bXsM2Xt01BM,222
https://www.youtube.com/watch?v=D0qPreyXMGr,28
https://www.youtube.com/watch?v=uahOpCo_UWR,15
https://www.youtube.com/watch?v=1woVYBjZdlY,45
https://www.youtube.com/watch?v=UEf1h8z3-Ho,57
https://www.youtube.com/watch?v=eyLOEkH-CDi,146
https://www.youtube.com/watch?v=rdZ54B-BP_T,447
https://www.youtube.com/watch?v=Q70QkmsZaW_,255
https://www.youtube.com/watch?v=3T86R2lZXzw,8
https://www.youtube.com/watch?v=gagH8Bpqpfj,453
https://www.youtube.com/watch?v=T_-rUrl_z01,316
https://www.youtube.com/watch?v=KRDfxAsC9_M,48
https://www.youtube.com/watch?v=dHua6HAxznM,488
https://www.youtube.com/watch?v=aNw9Q-soEBB,354
https://www.youtube.com/watch?v=DlphGPTnCju,397
https://www.youtube.com/watch?v=_wrwb7T1vAu,105
https://www.youtube.com/watch?v=osWfGAsyMAr,128
https://www.youtube.com/watch?v=3pIxNMsihrC,199
https://www.youtube.com/watch?v=hE9TBS7MO1v,96
https://www.youtube.com/watch?v=0tYx_42YBWQ,318
https://www.youtube.com/watch?v=yqh2Z1h5pS_,173
https://www.youtube.com/watch?v=lyqHDL4e_Zm,366
https://www.youtube.com/watch?v=N1GmGLqJuDL,187
https://www.youtube.com/watch?v=3QERZ-lyF1d,58
https://www.youtube.com/watch?v=0hhKsHXkBMY,299
https://www.youtube.com/watch?v=iXoN1t0Fowj,104
https://www.youtube.com/watch?v=0kJx7LC295E,179
https://www.youtube.com/watch?v=SmhELfgN6sj,179
https://www.youtube.com/watch?v=FJ5h_Zo4Ian,130
https://www.youtube.com/watch?v=SWMEo64b5MN,294
https://www.youtube.com/watch?v=Url3R1zlww4,442
https://www.youtube.com/watch?v=lRh-YLRvFkt,64
https://www.youtube.com/watch?v=VrT1tgwL1Ha,443
https://www.youtube.com/watch?v=qD3P5OLfFs6,386
https://www.youtube.com/watch?v=XvtKM2P1rUM,81
https://www.youtube.com/watch?v=i6o6HD3ArlW,398
https://www.youtube.com/watch?v=Ox4VhHfKajY,387
https://www.youtube.com/watch?v=LsYOy8D9j_k,6
https://www.youtube.com/watch?v=EKO0vkQJ0se,83
https://www.youtube.com/watch?v=Xn03vooYwLc,199
https://www.youtube.com/watch?v=3OQAzPXfSbp,333
https://www.youtube.com/watch?v=dy9Mza0Mj2Z,428
https://www.youtube.com/watch?v=0yZHY3YEWoE,462
https://www.youtube.com/watch?v=2SAHrHiG-u7,278
https://www.youtube.com/watch?v=jeAvqY_Qy9B,84
https://www.youtube.com/watch?v=cNBzZN4RZFE,460
https://www.youtube.com/watch?v=RZzXy6GDT3v,5
https://www.youtube.com/watch?v=kfSK63vPUHz,267
https://www.youtube.com/watch?v=MTH1cG27y2a,451
https://www.youtube.com/watch?v=5vJBc-IVHw1,355
https://www.youtube.com/watch?v=w33K_aWbpKS,391
https://www.youtube.com/watch?v=9GIQi9jIRy8,114
https://www.youtube.com/watch?v=SH6fxYo_DIF,345
https://www.youtube.com/watch?v=BYHV3Vtc5y2,336
https://www.youtube.com/watch?v=HKJrU3bWZRh,150
https://www.youtube.com/watch?v=5LLan9tf_qw,117
https://www.youtube.com/watch?v=jFCMZcJ3_Sw,329
https://www.youtube.com/watch?v=P19LeZ6ZsLM,269
https://www.youtube.com/watch?v=kpzMtvR5cMD,70
https://www.youtube.com/watch?v=CzSotivOPFx,341
https://www.youtube.com/watch?v=dijTMDaJtXh,44
https://www.youtube.com/watch?v=PaSqvjVTXde,132
https://www.youtube.com/watch?v=_g3TImUlNrU,322
https://www.youtube.com/watch?v=71hx-QSyOor,258
https://www.youtube.com/watch?v=0mdWhaUiqhd,300
https://www.youtube.com/watch?v=oj4sNNL_Ho_,424
https://www.youtube.com/watch?v=f8lPSyrKr4U,374
https://www.youtube.com/watch?v=O0uCVp3mfi4,274
https://www.youtube.com/watch?v=Ka0sTbV0MyN,196
https://www.youtube.com/watch?v=i1Dlp3xPK1t,415
https://www.youtube.com/watch?v=ZJEqmNi8Vuk,13
https://www.youtube.com/watch?v=eTVmJgajCul,13
https://www.youtube.com/watch?v=X_AwF5FMAwa,174
https://www.youtube.com/watch?v=uZ4ByqtXvNY,186
https://www.youtube.com/watch?v=8mxKhvnOahT,427
https://www.youtube.com/watch?v=0xvJTlwhHDE,242
https://www.youtube.com/watch?v=U2gIxgScNAx,482
https://www.youtube.com/watch?v=AICiTJYGBB6,218
https://www.youtube.com/watch?v=TnLN_JLzbz0,204
https://www.youtube.com/watch?v=Bx85eElxRRR,110
https://www.youtube.com/watch?v=pNhNtbzhi0C,464
https://www.youtube.com/watch?v=NjByLOjc7MI,334
https://www.youtube.com/watch?v=_-6KmzOJd8v,287
https://www.youtube.com/watch?v=arakwyXae8a,50
https://www.youtube.com/watch?v=MtShDyIvAX4,270
https://www.youtube.com/watch?v=Pli8imUEDB7,195
https://www.youtube.com/watch?v=Yr6OX5WGF3Z,330
https://www.youtube.com/watch?v=o7XMdaBi78f,457
https://www.youtube.com/watch?v=9vazUrNE0HX,187
https://www.youtube.com/watch?v=Qg-u6MD4JGf,40
https://www.youtube.com/watch?v=bcLHGZWkqW-,54
https://www.youtube.com/watch?v=TAGWESlIMGA,212
https://www.youtube.com/watch?v=AsgkIaQyYLm,97
https://www.youtube.com/watch?v=DjLSf9u2kNv,268
https://www.youtube.com/watch?v=h-lhfmDhUMu,100
https://www.youtube.com/watch?v=FGSc4jDR4Hg,17
https://www.youtube.com/watch?v=rlAfoB1HLnj,403
https://www.youtube.com/watch?v=as9jd-IHBSZ,405
https://www.youtube.com/watch?v=rkZjElvbi7D,191
https://www.youtube.com/watch?v=7YNN19kGxhz,483
https://www.youtube.com/watch?v=kRikBZrQiyE,91
https://www.youtube.com/watch?v=KuQUVkbmkCV,63
https://www.youtube.com/watch?v=5YVi98zDc5i,322
https://www.youtube.com/watch?v=FQ02g5VTfVO,275
https://www.youtube.com/watch?v=2c2Fb1HhB8r,285
https://www.youtube.com/watch?v=waTBp9jLfJa,14
https://www.youtube.com/watch?v=ZNbGqMoeskw,41
https://www.youtube.com/watch?v=XwMe71WH_aN,461
https://www.youtube.com/watch?v=zoS_PS6dOR4,168
https://www.youtube.com/watch?v=AXtO9UyBqGu,74
https://www.youtube.com/watch?v=vUxMyEODbBu,31
https://www.youtube.com/watch?v=wAu5ypV8s74,236
https://www.youtube.com/watch?v=ADJKGdGYLIh,29
https://www.youtube.com/watch?v=75JKBGqMpDh,156
https://www.youtube.com/watch?v=N288_uUC76N,403
https://www.youtube.com/watch?v=FicuuapV3ZP,253
https://www.youtube.com/watch?v=ZuaO7DAkb_W,15
https://www.youtube.com/watch?v=CN4qaJT8Hi8,154
https://www.youtube.com/watch?v=JzHYW8y-_Zm,321
https://www.youtube.com/watch?v=rPtTTKwLlRJ,387
https://www.youtube.com/watch?v=PAGNRV3y7CZ,119
https://www.youtube.com/watch?v=o8YDD2sVe7C,123
https://www.youtube.com/watch?v=EcKMxa3c7EG,300
https://www.youtube.com/watch?v=SU6i7nndX4v,428
https://www.youtube.com/watch?v=O8QqoEJPH3v,353
https://www.youtube.com/watch?v=kXHNX3qfvdh,328
https://www.youtube.com/watch?v=_IVDBRN1E-O,476
https://www.youtube.com/watch?v=ovGrV8W0tAS,443
https://www.youtube.com/watch?v=Bwq1X1xYEzO,248
https://www.youtube.com/watch?v=mroEGGclc2G,167
https://www.youtube.com/watch?v=8L_D9fSuPNJ,382
https://www.youtube.com/watch?v=-wZbGCtaVS_,255
https://www.youtube.com/watch?v=4TD9PWNUDp5,424
https://www.youtube.com/watch?v=rmrwkZE0WAD,80
https://www.youtube.com/watch?v=DkTDm3jgr6i,136
https://www.youtube.com/watch?v=VXcdUKK4F1G,407
https://www.youtube.com/watch?v=_Nb0CDLSD63,102
https://www.youtube.com/watch?v=5DCqxwp5IEv,132
https://www.youtube.com/watch?v=6OhEFkNlOCP,380
https://www.youtube.com/watch?v=u9agqqg_DZG,216
https://www.youtube.com/watch?v=p5eWBuWv0MV,331
https://www.youtube.com/watch?v=7PLJ-39Fgcf,65
https://www.youtube.com/watch?v=E39eHeU_Oal,92
https://www.youtube.com/watch?v=k1PS5A2qIfF,315
https://www.youtube.com/watch?v=H7Xvndl1D-o,229
https://www.youtube.com/watch?v=xXcSxQQGZGb,218
https://www.youtube.com/watch?v=_7uTh0b0R-i,166
https://www.youtube.com/watch?v=uPM4ybriekM,393
https://www.youtube.com/watch?v=sS_ovGNcBgx,415
https://www.youtube.com/watch?v=69RtSFXVXss,309
https://www.youtube.com/watch?v=17EQKcevz4n,430
https://www.youtube.com/watch?v=UhKh9Xbcgnh,209
https://www.youtube.com/watch?v=JMtEu8-xmzW,415
https://www.youtube.com/watch?v=hR3uoS_U2iF,64
https://www.youtube.com/watch?v=20yeZTImb1n,432
https://www.youtube.com/watch?v=DTq0SRdBJQH,292
https://www.youtube.com/watch?v=abElGeq4lje,217
https://www.youtube.com/watch?v=Ab1efibNa9t,375
https://www.youtube.com/watch?v=GttEbBZ-qMr,41
https://www.youtube.com/watch?v=RQ2fvEJaY3o,156
https://www.youtube.com/watch?v=ByAqSLB1wn-,237
https://www.youtube.com/watch?v=H1JHxHyTlpo,45
https://www.youtube.com/watch?v=-utogJLiAlf,417
https://www.youtube.com/watch?v=5ZXVuIGo4bj,352
https://www.youtube.com/watch?v=lciEpVz-s1O,151
https://www.youtube.com/watch?v=kalxA91Wa63,438
https://www.youtube.com/watch?v=IC5PdyLStB7,107
https://www.youtube.com/watch?v=29ZoAR1Amw1,42
https://www.youtube.com/watch?v=WTr2I7OPaXA,77
https://www.youtube.com/watch?v=U0CtAivfS8O,311
https://www.youtube.com/watch?v=wZ-SpTAryiF,226
https://www.youtube.com/watch?v=t820KxF5hwd,288
https://www.youtube.com/watch?v=MizGmRT4bss,262
https://www.youtube.com/watch?v=G0t6KJQE1UN,130
https://www.youtube.com/watch?v=SAv91hCyLsZ,378
https://www.youtube.com/watch?v=fv3NHogEP4g,13
https://www.youtube.com/watch?v=azKwFuOh3_z,325
https://www.youtube.com/watch?v=JHJi9r16HDZ,271
https://www.youtube.com/watch?v=e3aT2PiG35y,65
https://www.youtube.com/watch?v=mmwG87RLYO6,131
https://www.youtube.com/watch?v=hAbgZs2y8jL,293
https://www.youtube.com/watch?v=oAk_widanHn,316
https://www.youtube.com/watch?v=Dlg3hcDbUck,494
https://www.youtube.com/watch?v=ZxKupOTsQ1S,161
https://www.youtube.com/watch?v=d90vNRu8x2P,167
https://www.youtube.com/watch?v=4IO7Xb2LKbZ,319
https://www.youtube.com/watch?v=qseIKPduGU9,186
https://www.youtube.com/watch?v=_6xJXhpRuj7,318
https://www.youtube.com/watch?v=MFLnm6YbJ_p,440
https://www.youtube.com/watch?v=6uKBoYjBH3r,333
https://www.youtube.com/watch?v=__GsDRpiOHj,10
https://www.youtube.com/watch?v=W3NypFkmHut,114
https://www.youtube.com/watch?v=fsIiU0AsPdc,324
https://www.youtube.com/watch?v=MnVHIwYEc2e,272
https://www.youtube.com/watch?v=PVNqgp1awrr,131
https://www.youtube.com/watch?v=iOs52KM81R1,97
https://www.youtube.com/watch?v=FUO3VPx4prP,204
https://www.youtube.com/watch?v=Wz6CAvlQ2tY,454
https://www.youtube.com/watch?v=gcHNRtP2Ei8,377
https://www.youtube.com/watch?v=3G2X8im9MEv,116
https://www.youtube.com/watch?v=LU8nylhigJq,184
https://www.youtube.com/watch?v=fezCyGsJXOb,417
https://www.youtube.com/watch?v=61AQXu1QfRz,233
https://www.youtube.com/watch?v=p42mcBXj1LU,201
https://www.youtube.com/watch?v=CHj3wLRumFr,262
https://www.youtube.com/watch?v=kA3c2eiFRRn,265
https://www.youtube.com/watch?v=qUS4Zl_hrMC,26
https://www.youtube.com/watch?v=9ra0_P3JuCm,338
https://www.youtube.com/watch?v=gHsBIvyfYj_,496
https://www.youtube.com/watch?v=qkAJ9fErTvQ,211
https://www.youtube.com/watch?v=DImqujRilxc,260
https://www.youtube.com/watch?v=V1akF6R8VHY,183
https://www.youtube.com/watch?v=RoIpAQyTTK4,315
https://www.youtube.com/watch?v=is8bMmRcBCQ,317
https://www.youtube.com/watch?v=xQd-0NGDcfJ,423
https://www.youtube.com/watch?v=MOgxVTc_fIp,353
https://www.youtube.com/watch?v=-yl7-8E3rMP,493
https://www.youtube.com/watch?v=Y6t8hXX6Sfr,247
https://www.youtube.com/watch?v=ZxOiqVcguuf,224
https://www.youtube.com/watch?v=FSgxuLkYZyw,388
https://www.youtube.com/watch?v=pTHHJCOhvL7,203
https://www.youtube.com/watch?v=1emabtk1ikH,222
https://www.youtube.com/watch?v=sV_GLt2o0_t,130
https://www.youtube.com/watch?v=rrzrnaQzJXr,52
https://www.youtube.com/watch?v=FraEg_z1-j9,118
https://www.youtube.com/watch?v=iuhCf9RuPj8,367
https://www.youtube.com/watch?v=PMT-PF6HtMs,254
https://www.youtube.com/watch?v=c4-wa0Tzj2_,294
https://www.youtube.com/watch?v=wIZf4bBicjx,394
https://www.youtube.com/watch?v=K8A6xinaE7s,369
https://www.youtube.com/watch?v=5OsWeAKTUzu,211
https://www.youtube.com/watch?v=vrJAf9UApRm,355
https://www.youtube.com/watch?v=PLYk9dXcFq5,422
https://www.youtube.com/watch?v=bDlE72Ud5DV,72
https://www.youtube.com/watch?v=IwRmCrN3ReQ,255
https://www.youtube.com/watch?v=r7yK6f4D9qD,414
https://www.youtube.com/watch?v=J0k8R0kYJ8q,496
https://www.youtube.com/watch?v=SfNFkLbueAi,451
https://www.youtube.com/watch?v=Vm0Av2lLvvi,260
https://www.youtube.com/watch?v=fIJODv6VRU7,80
https://www.youtube.com/watch?v=C69nBumXglx,116
https://www.youtube.com/watch?v=gY5KLj_6krM,479
https://www.youtube.com/watch?v=t5sgz2dJ57C,81
https://www.youtube.com/watch?v=LDg3Zb5GRgO,500
https://www.youtube.com/watch?v=2bRKpvOqcMi,251
https://www.youtube.com/watch?v=L6gR1UmjHAE,283
https://www.youtube.com/watch?v=Rs-sq5tu05i,123
https://www.youtube.com/watch?v=_SDw-mJ2uaA,17
https://www.youtube.com/watch?v=aQxAJXqmaNu,447
https://www.youtube.com/watch?v=YFDLdTClDnX,278
https://www.youtube.com/watch?v=2TR4trUSf9V,320
https://www.youtube.com/watch?v=jZ-163FniSe,4
https://www.youtube.com/watch?v=UH_29FrV_Gs,201
https://www.youtube.com/watch?v=r4hLo-W47Re,321
https://www.youtube.com/watch?v=Ywl8_69J9Qw,366
https://www.youtube.com/watch?v=nTsBLaTDg8f,75
https://www.youtube.com/watch?v=z2PU-3TsDFM,390
https://www.youtube.com/watch?v=E5PfBqU6R4I,388
https://www.youtube.com/watch?v=Kb_RRs8rYBb,143
https://www.youtube.com/watch?v=NNIEXqMrv8B,53
https://www.youtube.com/watch?v=bMDiomuvqnb,91
https://www.youtube.com/watch?v=3NZVNti1tw_,323
https://www.youtube.com/watch?v=qRGijKvu15N,404
https://www.youtube.com/watch?v=LeCIIn7wYrT,133
https://www.youtube.com/watch?v=FJ5MoClP2TB,125
https://www.youtube.com/watch?v=3EzBrVhSomc,204
https://www.youtube.com/watch?v=uhlYJpOM3k7,326
https://www.youtube.com/watch?v=jHaIfTutmG-,418
https://www.youtube.com/watch?v=Ahr6lzN6zNY,314
https://www.youtube.com/watch?v=Ubh2soepbpU,235
https://www.youtube.com/watch?v=f97ETTXo7yI,41
https://www.youtube.com/watch?v=8Ia_nn6logi,350
https://www.youtube.com/watch?v=CTPOr7UwZV9,460
https://www.youtube.com/watch?v=LRUirtuRehC,292
https://www.youtube.com/watch?v=UZi3WXnpsLn,267
https://www.youtube.com/watch?v=UoyvUpYsuE_,498
https://www.youtube.com/watch?v=tTVCDBLKmDY,422
https://www.youtube.com/watch?v=16akMtOutqC,438
https://www.youtube.com/watch?v=k9VERthpKKF,271
https://www.youtube.com/watch?v=sXtuAQL6r38,248
https://www.youtube.com/watch?v=DetGfv56ouQ,23
https://www.youtube.com/watch?v=Oj_BKdwisqu,292
https://www.youtube.com/watch?v=irO5DuXEfon,188
https://www.youtube.com/watch?v=k_oHwfpMb8S,201
https://www.youtube.com/watch?v=tfoN5GcAhov,92
https://www.youtube.com/watch?v=1mh2HnNa6lO,481
https://www.youtube.com/watch?v=iHZ1fSQ2qAB,388
https://www.youtube.com/watch?v=oBgG0AiPoR9,309
https://www.youtube.com/watch?v=8TU4DaxsbAC,42
https://www.youtube.com/watch?v=HONViTKIUst,102
https://www.youtube.com/watch?v=c3F2NPKHNk0,497
https://www.youtube.com/watch?v=w0_xDtII0bF,207
https://www.youtube.com/watch?v=dAAgrxF2POf,452
https://www.youtube.com/watch?v=747hInEJNLy,100
https://www.youtube.com/watch?v=6nddQc4W0qp,440
https://www.youtube.com/watch?v=YlI_fCmth1H,164
https://www.youtube.com/watch?v=Ep1SkmEYvxq,145
https://www.youtube.com/watch?v=7cRGkwFhdpD,194
https://www.youtube.com/watch?v=BvZ1dRVVKei,288
https://www.youtube.com/watch?v=tbGd-NrtyGq,216
https://www.youtube.com/watch?v=wIr3RCRRxgf,180
https://www.youtube.com/watch?v=M55Ess4HMNE,115
https://www.youtube.com/watch?v=x2f8oEqGSm5,110
https://www.youtube.com/watch?v=xUC4bgY0WFX,38
https://www.youtube.com/watch?v=3U0Tp5hh4P-,131
https://www.youtube.com/watch?v=7X2FoIOEGKt,256
https://www.youtube.com/watch?v=-OWxM8Cni6w,216
https://www.youtube.com/watch?v=g8u4b_EBPI0,82
https://www.youtube.com/watch?v=2LOAawtbxeu,311
https://www.youtube.com/watch?v=it5oQsIOToW,115
https://www.youtube.com/watch?v=TAQIBtZwcZO,138
https://www.youtube.com/watch?v=wmQ_yzXQvtx,337
https://www.youtube.com/watch?v=uwormgfOmV1,188
https://www.youtube.com/watch?v=5OiJQy7oVoO,137
https://www.youtube.com/watch?v=mtwVSSSHpuB,257
https://www.youtube.com/watch?v=c8kgz_UBHMp,224
https://www.youtube.com/watch?v=AdlWJLwYfOl,262
https://www.youtube.com/watch?v=F_EOlNu92yD,240
https://www.youtube.com/watch?v=pZbutXHVI6j,58
https://www.youtube.com/watch?v=CnMWaNOFOvg,361
https://www.youtube.com/watch?v=oVArQcCSUzE,171
https://www.youtube.com/watch?v=YPwCd1PURnS,286
https://www.youtube.com/watch?v=J7wZXaR4Eom,246
https://www.youtube.com/watch?v=fJiRkPzsWF0,282
https://www.youtube.com/watch?v=tXc_KfapV_A,182
https://www.youtube.com/watch?v=mZS95Po-8dp,54
https://www.youtube.com/watch?v=VovumYyRDj6,328
https://www.youtube.com/watch?v=-h7uD1o5a3t,246
https://www.youtube.com/watch?v=kULEvYRnUrF,461
https://www.youtube.com/watch?v=HJ36p9SiJiR,109
https://www.youtube.com/watch?v=CJhXm6kYwQp,349
https://www.youtube.com/watch?v=S8RRoIl5UDj,370
https://www.youtube.com/watch?v=4WYN6sgbaWD,81
https://www.youtube.com/watch?v=Jr0Mer_j5kj,232
https://www.youtube.com/watch?v=_GOzJYi9YDz,77
https://www.youtube.com/watch?v=HZi-Z4dOUmF,310
https://www.youtube.com/watch?v=mR8AbqZnjG4,226
https://www.youtube.com/watch?v=ZySXgYAkvTJ,123
https://www.youtube.com/watch?v=1A1dOOla_lp,219
https://www.youtube.com/watch?v=Te1vSboqYm5,325
https://www.youtube.com/watch?v=7R0VAK5l6yq,271
https://www.youtube.com/watch?v=yG3P1_m4n5-,467
https://www.youtube.com/watch?v=RkPA5Zon0OE,26
https://www.youtube.com/watch?v=MKNKSPi9c1D,427
https://www.youtube.com/watch?v=5X_abrnfm3C,468
https://www.youtube.com/watch?v=R6nJ1jFfg2W,410
https://www.youtube.com/watch?v=6e5-is7IghU,367
https://www.youtube.com/watch?v=ugvotLzlKWS,356
https://www.youtube.com/watch?v=J6LGjYo0-qA,162
https://www.youtube.com/watch?v=hQXFNVa6tdk,448
https://www.youtube.com/watch?v=zKjPa6XaHYk,288
https://www.youtube.com/watch?v=U2EbgcNHe3F,180
https://www.youtube.com/watch?v=GjaGHOol2fP,211
https://www.youtube.com/watch?v=qysqdoJg3qo,177
https://www.youtube.com/watch?v=aNrWPk0eKxh,349
https://www.youtube.com/watch?v=bHDpfms0UOh,172
https://www.youtube.com/watch?v=zpsantIDdRd,285
https://www.youtube.com/watch?v=NRc7TVBy5Sw,308
https://www.youtube.com/watch?v=j6Gud6T5NLB,388
https://www.youtube.com/watch?v=0TP81VygDoT,227
https://www.youtube.com/watch?v=8dkVRE7VaYj,489
https://www.youtube.com/watch?v=3npaISydzl6,48
https://www.youtube.com/watch?v=4bE6vuvZVFF,30
https://www.youtube.com/watch?v=s1vMceGiRP8,230
https://www.youtube.com/watch?v=oSvPJ_XVHqV,114
https://www.youtube.com/watch?v=2xZ5EZbSh2Y,405
https://www.youtube.com/watch?v=BMEQfDVoDTa,71
https://www.youtube.com/watch?v=nBkUNP20ncC,429
https://www.youtube.com/watch?v=Yegad9A7-UX,494
https://www.youtube.com/watch?v=4AtY15fRiCP,261
https://www.youtube.com/watch?v=oir5Pw3D__6,185
https://www.youtube.com/watch?v=h_EULqS2DDy,381
https://www.youtube.com/watch?v=dA1mGU3KJwb,424
https://www.youtube.com/watch?v=41DGHixA3_E,44
https://www.youtube.com/watch?v=ta-bN3TWJQj,418
https://www.youtube.com/watch?v=d0uql_4kdx6,321
https://www.youtube.com/watch?v=TGht4DUDIY-,290
https://www.youtube.com/watch?v=52OMgs24wQi,167
https://www.youtube.com/watch?v=Hb3ZaBG7M5v,321
https://www.youtube.com/watch?v=_SV8KIw3ReI,483
https://www.youtube.com/watch?v=7_ytJiMOP3O,491
https://www.youtube.com/watch?v=X84rfufGx5N,72
https://www.youtube.com/watch?v=x0MZM_bSLdH,347
https://www.youtube.com/watch?v=kW5U8eKolpx,108
https://www.youtube.com/watch?v=Fsu2DFWayVi,155
https://www.youtube.com/watch?v=YMaeMMJUWey,101
https://www.youtube.com/watch?v=S-_wlGi9WN-,449
https://www.youtube.com/watch?v=V3BFnvKa8uP,46
https://www.youtube.com/watch?v=SHqoxs1WB13,293
https://www.youtube.com/watch?v=Qy74n0eJxMa,485
https://www.youtube.com/watch?v=pMQqXLbPlpz,258
https://www.youtube.com/watch?v=xuYK1yE-zMQ,143
https://www.youtube.com/watch?v=J85o4Bgu188,292
https://www.youtube.com/watch?v=CDJ96KQWgRd,201
https://www.youtube.com/watch?v=xLEQ_T3OzC3,449
https://www.youtube.com/watch?v=AVfP1ND3n1K,156
https://www.youtube.com/watch?v=0pciPiQCL3y,273
https://www.youtube.com/watch?v=ujxGuimEZ7-,387
https://www.youtube.com/watch?v=86CWOtxzJMM,279
https://www.youtube.com/watch?v=3o_tchxYKAA,331
https://www.youtube.com/watch?v=4VQSyOylxFT,236
https://www.youtube.com/watch?v=crV7-scQNWu,145
https://www.youtube.com/watch?v=ysuYYUioJZc,94
https://www.youtube.com/watch?v=Y-opN1GiYux,466
https://www.youtube.com/watch?v=vdjhqJzenvK,469
https://www.youtube.com/watch?v=me3boFo0FJI,167
https://www.youtube.com/watch?v=LVoVZ_iFY-9,80
https://www.youtube.com/watch?v=Kr5GTH_YsmS,351
https://www.youtube.com/watch?v=_xGDWM9NBCn,34
https://www.youtube.com/watch?v=3BWimCVg839,115
https://www.youtube.com/watch?v=KCoukyTgv67,42
https://www.youtube.com/watch?v=c32SOhpJU7H,297
https://www.youtube.com/watch?v=3Sjcb5owEQB,359
https://www.youtube.com/watch?v=50ms8uOYtjA,438
https://www.youtube.com/watch?v=zQiuUiF1muD,489
https://www.youtube.com/watch?v=IFm_UoNf_Lj,425
https://www.youtube.com/watch?v=LFdWKygvbMF,158
https://www.youtube.com/watch?v=RtlLMUhV7tF,103
https://www.youtube.com/watch?v=LQ6Gv_SZIfH,43
https://www.youtube.com/watch?v=UW6ifYT9oEf,374
https://www.youtube.com/watch?v=0r9KaGt4DeE,121
https://www.youtube.com/watch?v=7mNRybypCO6,442
https://www.youtube.com/watch?v=aeodmWj6-zB,148
https://www.youtube.com/watch?v=QtPuzJljhUR,147
https://www.youtube.com/watch?v=eXF0-v4EFJK,179
https://www.youtube.com/watch?v=owOVbJMTQ5C,194
https://www.youtube.com/watch?v=xNXioIsFpD7,465
https://www.youtube.com/watch?v=2IJlG53utkv,493
https://www.youtube.com/watch?v=oN21TiY4pBc,312
https://www.youtube.com/watch?v=G_y_AzpPPth,63
https://www.youtube.com/watch?v=XdRxhAtLoj1,320
https://www.youtube.com/watch?v=DLmc3wfbeZv,102
https://www.youtube.com/watch?v=26mPPtL7rfy,376
https://www.youtube.com/watch?v=kzFQiRKRi1N,343
https://www.youtube.com/watch?v=vDuAE_bh2wQ,340
https://www.youtube.com/watch?v=GJesP1moMOX,70
https://www.youtube.com/watch?v=IMb62ev97tZ,16
https://www.youtube.com/watch?v=5DhvITNOgBr,210
https://www.youtube.com/watch?v=ZDsQB6hIWjK,377
https://www.youtube.com/watch?v=5kk4wrqumDh,337
https://www.youtube.com/watch?v=s4UaeVf4BC9,324
https://www.youtube.com/watch?v=FWDIUXaSJ9X,145
https://www.youtube.com/watch?v=EBGRxHNUNe-,451
https://www.youtube.com/watch?v=eMCPRvaf1vi,231
https://www.youtube.com/watch?v=P_OiddbvZsd,82
https://www.youtube.com/watch?v=zjzU85XzLPA,404
https://www.youtube.com/watch?v=vpRkeNb50k8,476
https://www.youtube.com/watch?v=lBciSfazUkN,431
https://www.youtube.com/watch?v=Bodtz4R8KsL,357
https://www.youtube.com/watch?v=2FqKDnxSg-4,18
https://www.youtube.com/watch?v=oPodF14_O6v,327
https://www.youtube.com/watch?v=FkrqZcB12vt,69
https://www.youtube.com/watch?v=1v-eGGo37TJ,61
https://www.youtube.com/watch?v=bCUVhmSmjGy,257
https://www.youtube.com/watch?v=ZBl3_Wr7q__,205
https://www.youtube.com/watch?v=NRXciqMrgS8,190
https://www.youtube.com/watch?v=ymwiqAV7ZuQ,159
https://www.youtube.com/watch?v=W4Dayv5hCbk,149
https://www.youtube.com/watch?v=k-I0z79GveL,247
https://www.youtube.com/watch?v=D-vXxKBvC9U,417
https://www.youtube.com/watch?v=viGgAhXkUcT,363
https://www.youtube.com/watch?v=vzbBvS4HHS4,266
https://www.youtube.com/watch?v=Y_ElkW8LbCo,223
https://www.youtube.com/watch?v=ddLY7ganwJ8,307
https://www.youtube.com/watch?v=z1CfEgWMDoX,311
https://www.youtube.com/watch?v=2H3tqphnw5S,486
https://www.youtube.com/watch?v=eViws55piw_,163
https://www.youtube.com/watch?v=r2leKJY2o1C,159
https://www.youtube.com/watch?v=6yaaJIFnhKu,265
https://www.youtube.com/watch?v=SNj48lZD965,272
https://www.youtube.com/watch?v=JEcyVsuWzwl,184
https://www.youtube.com/watch?v=16Ah2Sg6AZr,387
https://www.youtube.com/watch?v=IPZpUaL7oRo,223
https://www.youtube.com/watch?v=BGqyBnalr2X,348
https://www.youtube.com/watch?v=IgEOmErZp3V,171
https://www.youtube.com/watch?v=bgwmAqcovVu,237
https://www.youtube.com/watch?v=Hhy7T4bgHhd,59
https://www.youtube.com/watch?v=7d3ZN7Xd7cZ,194
https://www.youtube.com/watch?v=aTPPEgS0Ctl,252
https://www.youtube.com/watch?v=tUS3KSxhvwx,435
https://www.youtube.com/watch?v=-SH5AenaREh,187
https://www.youtube.com/watch?v=0pR9NnFrmap,84
https://www.youtube.com/watch?v=TYWC55OhkQh,245
https://www.youtube.com/watch?v=FI9gTI3NdqO,491
https://www.youtube.com/watch?v=CUkB4Y3UPro,195
https://www.youtube.com/watch?v=6VLhH5SlTEZ,221
https://www.youtube.com/watch?v=8nfq63SNlAQ,203
https://www.youtube.com/watch?v=rbZOH6czcKA,368
https://www.youtube.com/watch?v=2meIs40W4uP,265
https://www.youtube.com/watch?v=JQ_gRUEXxYW,63
https://www.youtube.com/watch?v=c-iKbe22dtc,298
https://www.youtube.com/watch?v=TDxLcMyORqn,285
https://www.youtube.com/watch?v=1-IxOka5B-K,252
https://www.youtube.com/watch?v=jENKzLnqxu8,339
https://www.youtube.com/watch?v=tJ8sUsZLBOu,362
https://www.youtube.com/watch?v=TttH86jzCdM,455
https://www.youtube.com/watch?v=aUcmvzJzfs2,275
https://www.youtube.com/watch?v=hAxsF1Nn0Mb,317
https://www.youtube.com/watch?v=YZJ4-GOedey,347
https://www.youtube.com/watch?v=vjUc5BvyT23,57
https://www.youtube.com/watch?v=Dw0ti5laQ5v,42
https://www.youtube.com/watch?v=5lWkXeP0j8S,389
https://www.youtube.com/watch?v=-D5d9xkljNC,367
https://www.youtube.com/watch?v=ltMTeda2unN,54
https://www.youtube.com/watch?v=Ukt0tbwkRXX,384
https://www.youtube.com/watch?v=i6zeNrpQ9Hb,314
https://www.youtube.com/watch?v=-PBCb6so-bg,361
https://www.youtube.com/watch?v=vHq8uUZfNiy,225
https://www.youtube.com/watch?v=b81lr8JTHWl,364
https://www.youtube.com/watch?v=ObI94YJg6O4,485
https://www.youtube.com/watch?v=1RFKj-XyEcP,289
https://www.youtube.com/watch?v=kzBhuCoxXzR,120
https://www.youtube.com/watch?v=_PiQco2wcDc,183
https://www.youtube.com/watch?v=hGYSxne3cpR,312
https://www.youtube.com/watch?v=5g3lLHMg7F5,283
https://www.youtube.com/watch?v=sIETbg7Kur3,266
https://www.youtube.com/watch?v=_nW_4F3rIDz,484
https://www.youtube.com/watch?v=pr4INMAtewt,465
https://www.youtube.com/watch?v=lPIhfu_i4ut,163
https://www.youtube.com/watch?v=-nU24jtjwY2,361
https://www.youtube.com/watch?v=6Ngjf_0I4OS,154
https://www.youtube.com/watch?v=xEUmxU-bwr8,105
https://www.youtube.com/watch?v=qAnk3T_E14t,328
https://www.youtube.com/watch?v=oWhWvRfo7K4,10
https://www.youtube.com/watch?v=iDKWsiYyjBf,12
https://www.youtube.com/watch?v=aTZDxlVrU3S,110
https://www.youtube.com/watch?v=NhKORgckB-L,122
https://www.youtube.com/watch?v=swav64fLr3L,387
https://www.youtube.com/watch?v=ycc2qIU7Fhw,1
https://www.youtube.com/watch?v=ISk4gQRLL0L,49
https://www.youtube.com/watch?v=Sjswmb7PPzk,50
https://www.youtube.com/watch?v=gdrWsI9bpwa,53
https://www.youtube.com/watch?v=GQSd3b6_Af-,79
https://www.youtube.com/watch?v=UJav1A4htTZ,429
https://www.youtube.com/watch?v=Pkxs1eCUQhO,471
https://www.youtube.com/watch?v=g6KtgSEr-qR,295
https://www.youtube.com/watch?v=w4YLY_Yfk3w,359
https://www.youtube.com/watch?v=-i7Ygl1E7-J,266
https://www.youtube.com/watch?v=sMBszEJ_E2Z,455
https://www.youtube.com/watch?v=l78C5F9EpAM,168
https://www.youtube.com/watch?v=9p0zGi8_YO0,141
https://www.youtube.com/watch?v=ewvr_CxU8w-,250
https://www.youtube.com/watch?v=mZ4ZnY6Yvz9,55
https://www.youtube.com/watch?v=lSf-UIkw0i4,355
https://www.youtube.com/watch?v=j9bVBPC-am0,354
https://www.youtube.com/watch?v=Hb6Zjj6q70q,303
https://www.youtube.com/watch?v=Y0io-MLdLCq,27
https://www.youtube.com/watch?v=z7eA9fnGFnp,95
https://www.youtube.com/watch?v=ZQ_qZ0ePfiU,259
https://www.youtube.com/watch?v=C3s5cw5_Lv9,224
https://www.youtube.com/watch?v=oVJcGFwMrWN,166
https://www.youtube.com/watch?v=DAAaX60pyBF,66
https://www.youtube.com/watch?v=zxuGsxWnuy-,287
https://www.youtube.com/watch?v=F8Vo4Vz7-mv,175
https://www.youtube.com/watch?v=7LtwFeU86Io,259
https://www.youtube.com/watch?v=ovqeMRBNTfG,311
https://www.youtube.com/watch?v=-DueOzv0P5I,235
https://www.youtube.com/watch?v=ywB-e1bKzlZ,315
https://www.youtube.com/watch?v=PcXPo-f9Rmr,481
https://www.youtube.com/watch?v=3jKkpFOTpCM,500
https://www.youtube.com/watch?v=9ZjPi1D40tV,64
https://www.youtube.com/watch?v=1bSfrhoIo7M,313
https://www.youtube.com/watch?v=FaolG4X4O-F,85
https://www.youtube.com/watch?v=5lNjp2kiAmo,388
https://www.youtube.com/watch?v=m2Tty0TR1o1,306
https://www.youtube.com/watch?v=1oG7KCHWUvt,451
https://www.youtube.com/watch?v=0iOsMg5nADW,325
https://www.youtube.com/watch?v=U-Q3f84l3Vb,429
https://www.youtube.com/watch?v=OMB8zF2QO1k,1
https://www.youtube.com/watch?v=CNWH_90Cxpj,410
https://www.youtube.com/watch?v=MSrlOGbo508,157
https://www.youtube.com/watch?v=saFY0ZZapQ_,396
https://www.youtube.com/watch?v=t7GlIpMIyYe,16
https://www.youtube.com/watch?v=yGDav4TMF9I,239
https://www.youtube.com/watch?v=wKs-JkXjO_C,140
https://www.youtube.com/watch?v=jWj2T77K8uD,450
https://www.youtube.com/watch?v=c5VJm8-HfW1,56
https://www.youtube.com/watch?v=El3qtVBrv9h,467
https://www.youtube.com/watch?v=b0093CZr7kk,318
https://www.youtube.com/watch?v=BAqYUyZgPM-,485
https://www.youtube.com/watch?v=7_-7ZGmf_dh,115
https://www.youtube.com/watch?v=KUyrk9cCwfb,19
https://www.youtube.com/watch?v=c6JZdIRP93e,466
https://www.youtube.com/watch?v=Dur2T5lZfst,52
https://www.youtube.com/watch?v=O8AK3Z76bbY,272
https://www.youtube.com/watch?v=bS_FD-DuLRy,227
https://www.youtube.com/watch?v=Za0XtHtcXBC,30
https://www.youtube.com/watch?v=OiZ0St8L96o,283
https://www.youtube.com/watch?v=i0jQbznWN5p,55
https://www.youtube.com/watch?v=p35ZmunjRE-,244
https://www.youtube.com/watch?v=G-UGApdJ4Oe,354
https://www.youtube.com/watch?v=i8VbNkPt2-y,308
https://www.youtube.com/watch?v=LBO-0-HO9Y0,331
https://www.youtube.com/watch?v=crO1X86qK9s,237
https://www.youtube.com/watch?v=OhceQjEG0Kt,268
https://www.youtube.com/watch?v=qx6I-n_ew7c,21
https://www.youtube.com/watch?v=dXFN0M7KFa0,447
https://www.youtube.com/watch?v=9ntCXAtW4nC,416
https://www.youtube.com/watch?v=83fiTmR_vq9,304
https://www.youtube.com/watch?v=qYDF3tQGZoJ,318
https://www.youtube.com/watch?v=Uv-jpQW86QA,373
https://www.youtube.com/watch?v=gg9ARhv-dIR,85
https://www.youtube.com/watch?v=ByopckMj--J,106
https://www.youtube.com/watch?v=Af7tVAeoDxI,323
https://www.youtube.com/watch?v=KrKJScZaDzX,234
https://www.youtube.com/watch?v=6KH5vqebvTa,162
https://www.youtube.com/watch?v=9AkV3WPeUuF,22
https://www.youtube.com/watch?v=ip50If3mIGs,462
https://www.youtube.com/watch?v=HfpKB6wVn_K,108
https://www.youtube.com/watch?v=IeBAxX2QlhH,440
https://www.youtube.com/watch?v=BrqZf44R2ri,91
https://www.youtube.com/watch?v=wcYgcOA9Vo6,15
https://www.youtube.com/watch?v=799bpOaJrdp,108
https://www.youtube.com/watch?v=05K9bx6EvKu,43
https://www.youtube.com/watch?v=3eQgDBcKzEC,77
https://www.youtube.com/watch?v=0X7UsoMS_Op,4
https://www.youtube.com/watch?v=sGZJ5cMlBDG,449
https://www.youtube.com/watch?v=zAinDB_uGJI,398
https://www.youtube.com/watch?v=IIciGxc9nRS,152
https://www.youtube.com/watch?v=jXXFvBXfDAj,65
https://www.youtube.com/watch?v=koH-uvB0WhB,450
https://www.youtube.com/watch?v=g-x122mODas,143
https://www.youtube.com/watch?v=X8sTabIRWY8,188
https://www.youtube.com/watch?v=6tr0Pf8zmc0,410
https://www.youtube.com/watch?v=QeaSkJXqj08,142
https://www.youtube.com/watch?v=JmK22j6Md9u,46
https://www.youtube.com/watch?v=WpbI_5tktnu,170
https://www.youtube.com/watch?v=FXVgz8iT0lH,483
https://www.youtube.com/watch?v=GgH8sBfftQK,175
https://www.youtube.com/watch?v=sW2VlABhSbI,156
https://www.youtube.com/watch?v=uAntLqtiWEa,146
https://www.youtube.com/watch?v=vNqSeq2qVz5,101
https://www.youtube.com/watch?v=omh45nSYphH,77
https://www.youtube.com/watch?v=AsyZyU3my5x,316
https://www.youtube.com/watch?v=J75FDaTUg4M,61
https://www.youtube.com/watch?v=nVXv066z4no,70
https://www.youtube.com/watch?v=lB3Ru6AH4Z6,376
https://www.youtube.com/watch?v=52LkEGKCfbk,169
https://www.youtube.com/watch?v=w7TAWReYo8y,381
https://www.youtube.com/watch?v=MkjgyXBY0-k,482
https://www.youtube.com/watch?v=RVUoOOzyMIp,468
https://www.youtube.com/watch?v=VZBhRd0Vi3g,249
https://www.youtube.com/watch?v=uBvk_M1yczt,359
https://www.youtube.com/watch?v=W7Vwf80veN5,161
https://www.youtube.com/watch?v=4YL_4UdIBzt,199
https://www.youtube.com/watch?v=9B5kgWsTb0v,399
https://www.youtube.com/watch?v=uV1IcsoxaRR,457
https://www.youtube.com/watch?v=YJhhnRKAdo8,475
https://www.youtube.com/watch?v=JbyPdFCOxtR,189
https://www.youtube.com/watch?v=yAcp3Roi6kW,61
https://www.youtube.com/watch?v=tSzL1Opi_k9,68
https://www.youtube.com/watch?v=dCwoSwOcIua,279
https://www.youtube.com/watch?v=h2W1R9eXE7o,270
https://www.youtube.com/watch?v=0D9awJR5Vis,96
https://www.youtube.com/watch?v=WODDFqgLnJ4,159
https://www.youtube.com/watch?v=EAKga2OPnE2,212
https://www.youtube.com/watch?v=2Vy5sOobo5k,228
https://www.youtube.com/watch?v=9kL7BbhSW7u,9
https://www.youtube.com/watch?v=bIMb4p9X09V,454
https://www.youtube.com/watch?v=crXTGP_D2pd,358
https://www.youtube.com/watch?v=wveTJPa-bTI,116
https://www.youtube.com/watch?v=72M0Au00hVs,380
https://www.youtube.com/watch?v=Yc1fCebCarh,266
https://www.youtube.com/watch?v=Fl8cR4SmnOq,378
https://www.youtube.com/watch?v=gRrYXzTpMcL,165
https://www.youtube.com/watch?v=_R-P0YXdqf0,168
https://www.youtube.com/watch?v=JhUF8DON5SA,457
https://www.youtube.com/watch?v=eLG-1pi0ZsA,237
https://www.youtube.com/watch?v=wH2HdWc6jSD,59
https://www.youtube.com/watch?v=yXvi2RMkIl3,145
https://www.youtube.com/watch?v=VBj4CSgQgyb,325
https://www.youtube.com/watch?v=QqM-piMsWwG,433
https://www.youtube.com/watch?v=WlkVf9wB4Lo,307
https://www.youtube.com/watch?v=E0-hK3LjPNP,33
https://www.youtube.com/watch?v=DEjO38S0uUe,188
https://www.youtube.com/watch?v=iA1Ygy3t1bC,115
https://www.youtube.com/watch?v=efnrTli-Sa6,499
https://www.youtube.com/watch?v=fx1ov-0G2E8,375
https://www.youtube.com/watch?v=swmGYMtRgtz,244
https://www.youtube.com/watch?v=OoFfWRNkMGN,238
https://www.youtube.com/watch?v=7jhVz5zD_DE,21
https://www.youtube.com/watch?v=QLEPrXyVAI_,325
https://www.youtube.com/watch?v=4Z0pv5UvNr0,313
https://www.youtube.com/watch?v=f1n1UmP1IhH,379
https://www.youtube.com/watch?v=R2y3iqun7x0,155
https://www.youtube.com/watch?v=QuIWmWoBCV6,500
https://www.youtube.com/watch?v=4K9zaXI-LXa,189
https://www.youtube.com/watch?v=F4i-dyFWjA4,355
https://www.youtube.com/watch?v=1tL8wg5LKNh,381
https://www.youtube.com/watch?v=26-iFXqLvU8,128
https://www.youtube.com/watch?v=tBD-kq6mzQa,31
https://www.youtube.com/watch?v=Z165_C5G8Ec,83
https://www.youtube.com/watch?v=ej64kBo8_bU,404
https://www.youtube.com/watch?v=i9DiRedsjXP,210
https://www.youtube.com/watch?v=v01Ktp0S412,446
https://www.youtube.com/watch?v=GYQLo6XW-0o,124
https://www.youtube.com/watch?v=cM9Mwpc6o1L,126
https://www.youtube.com/watch?v=4qt_LzldNhm,354
https://www.youtube.com/watch?v=x8aho7d2OcX,143
https://www.youtube.com/watch?v=XcIr2HH6LU5,170
https://www.youtube.com/watch?v=vbaJ_nQOR5U,500
https://www.youtube.com/watch?v=c4YzpLvjHLi,302
https://www.youtube.com/watch?v=BvIHYuEMsYW,151
https://www.youtube.com/watch?v=KcMv-Phv4rS,295
https://www.youtube.com/watch?v=lZzduPRLzgx,210
https://www.youtube.com/watch?v=wmfgd3yBELE,41
https://www.youtube.com/watch?v=itywRPN_C4i,253
https://www.youtube.com/watch?v=Z8USbgB_-ix,68
https://www.youtube.com/watch?v=G-JWRv7beQh,39
https://www.youtube.com/watch?v=AqZhM733PzU,29
https://www.youtube.com/watch?v=7aIceWyiLQF,428
https://www.youtube.com/watch?v=2wLIitS3jH4,126
https://www.youtube.com/watch?v=Ub_8KLg0snc,439
https://www.youtube.com/watch?v=NLQVWENq5se,423
https://www.youtube.com/watch?v=8iZUhuUToh2,499
https://www.youtube.com/watch?v=QfalwxGWx8H,154
https://www.youtube.com/watch?v=5OlTGrB7L_m,106
https://www.youtube.com/watch?v=jb7sXMdVckr,223
https://www.youtube.com/watch?v=Koudf0yauWv,280
https://www.youtube.com/watch?v=ZCfzyMiDehs,38
https://www.youtube.com/watch?v=Q6nV9aUX1DL,240
https://www.youtube.com/watch?v=ZblbSoB3ev7,24
https://www.youtube.com/watch?v=ZC3jamHmY8j,293
https://www.youtube.com/watch?v=sfGV8I3n3aD,151
https://www.youtube.com/watch?v=24Sft9StEpG,342
https://www.youtube.com/watch?v=EzVLpFBgLdF,215
https://www.youtube.com/watch?v=0ABpUZ7TJXF,273
https://www.youtube.com/watch?v=AZ1cPPwko1l,440
https://www.youtube.com/watch?v=AFIMiKpW81j,192
https://www.youtube.com/watch?v=WZ2xmo-aRov,44
https://www.youtube.com/watch?v=6p_IDfdnTTs,377
https://www.youtube.com/watch?v=7EUbXlGXrrF,311
https://www.youtube.com/watch?v=0Llfm2g--ib,260
https://www.youtube.com/watch?v=_X63riEc96S,179
https://www.youtube.com/watch?v=-ZqklagE6Jl,286
https://www.youtube.com/watch?v=ApMO41uGg6e,174
https://www.youtube.com/watch?v=KZpUYpqiudg,488
https://www.youtube.com/watch?v=xi_rKiX-aHW,312
https://www.youtube.com/watch?v=42kfIenvAjw,232
https://www.youtube.com/watch?v=tn2S0b7YyF1,487
https://www.youtube.com/watch?v=PP0P_vEacps,364
https://www.youtube.com/watch?v=hEF_OG3i7XB,364
https://www.youtube.com/watch?v=SUlTnQzEGSR,160
https://www.youtube.com/watch?v=BIwjMykUCqd,303
https://www.youtube.com/watch?v=9naRQn3zQTG,474
https://www.youtube.com/watch?v=PDS6Ri10bMw,93
https://www.youtube.com/watch?v=kgpL6FaIZvF,249
https://www.youtube.com/watch?v=N9JgAk9C3LX,478
https://www.youtube.com/watch?v=IJFclKUWSFP,135
https://www.youtube.com/watch?v=a2wVen9kmk_,400
https://www.youtube.com/watch?v=AnOHvV-kLOF,69
https://www.youtube.com/watch?v=8LVVfnR_TMN,423
https://www.youtube.com/watch?v=8pFeHIwex24,140
https://www.youtube.com/watch?v=P6Gq8FN7CkC,342
https://www.youtube.com/watch?v=xmWHPHRCda7,81
https://www.youtube.com/watch?v=0FB2hBjT2L3,89
https://www.youtube.com/watch?v=CAitTPorsBW,250
https://www.youtube.com/watch?v=oeYon6EBYBZ,294
https://www.youtube.com/watch?v=jhQf-N76Iq6,326
https://www.youtube.com/watch?v=XrbvMi7ahq1,315
https://www.youtube.com/watch?v=xaHWvomZ_7w,331
https://www.youtube.com/watch?v=EFtHD1VBeXG,338
https://www.youtube.com/watch?v=q544ZMEQcC_,458
https://www.youtube.com/watch?v=5-b7OxZRnAa,301
https://www.youtube.com/watch?v=jPMb-iIk5yH,104
https://www.youtube.com/watch?v=8oBErtoni9N,439
https://www.youtube.com/watch?v=f-zol7FdsYT,47
https://www.youtube.com/watch?v=mbBeTaOnLsy,255
https://www.youtube.com/watch?v=9i5QsQ6VWbR,199
https://www.youtube.com/watch?v=d8IKHIfkUpS,2
https://www.youtube.com/watch?v=v_S6gTRPec0,489
https://www.youtube.com/watch?v=Q1ZfDUIuFdI,33
https://www.youtube.com/watch?v=4DoOsII_X5w,490
https://www.youtube.com/watch?v=XEVrspD2TBC,202
https://www.youtube.com/watch?v=xHNc_gTXjZA,108
https://www.youtube.com/watch?v=3muukCbFajI,401
https://www.youtube.com/watch?v=IC3dQQ15tYF,350
https://www.youtube.com/watch?v=RW04YXN20Jw,152
https://www.youtube.com/watch?v=gahxYOoBPXQ,435
https://www.youtube.com/watch?v=94qeuDqGnDU,148
https://www.youtube.com/watch?v=x8zg83jNWgB,28
https://www.youtube.com/watch?v=euMdgacKnxc,36
https://www.youtube.com/watch?v=r1N_46eWxaa,277
https://www.youtube.com/watch?v=eIYfEBaPsN9,71
https://www.youtube.com/watch?v=Gc1my-BUkcR,204
https://www.youtube.com/watch?v=65wqUPcuI2o,317
https://www.youtube.com/watch?v=-67fdetIFwI,74
https://www.youtube.com/watch?v=B3ZbJsVosVW,498
https://www.youtube.com/watch?v=zb3Hlbnj76B,464
https://www.youtube.com/watch?v=YTSCYntIwKQ,360
https://www.youtube.com/watch?v=MbU1pm-rLMB,284
https://www.youtube.com/watch?v=8X6WIvADMcu,310
https://www.youtube.com/watch?v=WAvEShARLlE,453
https://www.youtube.com/watch?v=f1Q2dm8A7PW,375
https://www.youtube.com/watch?v=Ap7B66w_HAT,8
https://www.youtube.com/watch?v=NfWbtqdTBXd,430
https://www.youtube.com/watch?v=FQjIgXsbV_Y,421
https://www.youtube.com/watch?v=yi04oxzEO9X,96
https://www.youtube.com/watch?v=kQm350LdEhQ,432
https://www.youtube.com/watch?v=qDcOyomZL6f,253
https://www.youtube.com/watch?v=bUZydRVLmc7,226
https://www.youtube.com/watch?v=89xZr3dhNok,52
https://www.youtube.com/watch?v=ES-KqMgI1Ea,488
https://www.youtube.com/watch?v=zNoDsgiZQpC,14
https://www.youtube.com/watch?v=WBw4EMGjJ03,287
https://www.youtube.com/watch?v=BCYLULIu548,52
https://www.youtube.com/watch?v=-D9z6XwULz_,365
https://www.youtube.com/watch?v=VoN2_95j4lN,200
https://www.youtube.com/watch?v=eoSgs5AKSLr,240
https://www.youtube.com/watch?v=ztdwuJSFk-1,334
https://www.youtube.com/watch?v=TSe7tI3cYIZ,357
https://www.youtube.com/watch?v=tsRso2TsFQ2,477
https://www.youtube.com/watch?v=V5vl__IwrY_,176
https://www.youtube.com/watch?v=vIyX1kcDhQl,62
https://www.youtube.com/watch?v=_zSgDhgbEGq,297
https://www.youtube.com/watch?v=jGfT4ICC50K,233
https://www.youtube.com/watch?v=9Na6YG5PPis,262
https://www.youtube.com/watch?v=hwEbF1H-ccv,205
https://www.youtube.com/watch?v=98mZr2fzi6V,380
https://www.youtube.com/watch?v=Jl1VTRlRO74,491
https://www.youtube.com/watch?v=iaWPRr3e_Li,42
https://www.youtube.com/watch?v=Pewp8ifDpBh,356
https://www.youtube.com/watch?v=K3Nr_PXc1cp,451
https://www.youtube.com/watch?v=AFEqVBxBYPm,493
https://www.youtube.com/watch?v=SiL23feRlO-,10
https://www.youtube.com/watch?v=HZmtIR7E1Ge,280
https://www.youtube.com/watch?v=Kjwo3TNieKW,193
https://www.youtube.com/watch?v=PAf8RugZ-vq,444
https://www.youtube.com/watch?v=lzAUj8t9Ucv,280
https://www.youtube.com/watch?v=GfvhW5vraEf,35
https://www.youtube.com/watch?v=xyYUTd-OXOc,35
https://www.youtube.com/watch?v=rIYcuKPn1xf,277
https://www.youtube.com/watch?v=DvlUMXN20K1,194
https://www.youtube.com/watch?v=XJ5HVGBwhcN,264
https://www.youtube.com/watch?v=23K8NYu71Dr,202
https://www.youtube.com/watch?v=jb_p1L6FnwM,297
https://www.youtube.com/watch?v=c83LCFYfUWY,32
https://www.youtube.com/watch?v=UKBQFjjMJqr,283
https://www.youtube.com/watch?v=txvfKWodR3q,20
https://www.youtube.com/watch?v=J0R2MwPo4rc,435
https://www.youtube.com/watch?v=ANWOwv-7VX1,455
https://www.youtube.com/watch?v=fdOp98KEhhd,266
https://www.youtube.com/watch?v=lXYSm0qJ5BW,300
https://www.youtube.com/watch?v=jTbsrBtc1Wp,198
https://www.youtube.com/watch?v=gRaI45EL9gN,159
https://www.youtube.com/watch?v=jFu4bzamfb1,70
https://www.youtube.com/watch?v=TMEN-g8AFo_,246
https://www.youtube.com/watch?v=jCRLbXRd5qN,407
https://www.youtube.com/watch?v=zNFg0IpH2Cd,329
https://www.youtube.com/watch?v=IeatC4-mDKo,165
https://www.youtube.com/watch?v=ebQv9mahz_v,495
https://www.youtube.com/watch?v=b-Ic9iPCKfO,354
https://www.youtube.com/watch?v=twAdnyRwJsH,188
https://www.youtube.com/watch?v=UwWCHL6FkI1,111
https://www.youtube.com/watch?v=KrVjhLcuklm,454
https://www.youtube.com/watch?v=mS3OOWk2LDf,122
https://www.youtube.com/watch?v=jt8v9uLDlaj,379
https://www.youtube.com/watch?v=w7VTDnSMRuT,235
https://www.youtube.com/watch?v=I6M7Atxxyx6,354
https://www.youtube.com/watch?v=nHhoYq08ip9,188
https://www.youtube.com/watch?v=Y2mS8N2hFKC,461
https://www.youtube.com/watch?v=JeMYz_ct7kJ,425
https://www.youtube.com/watch?v=66Kwdv7kq_h,353
https://www.youtube.com/watch?v=YrpQQk99vEk,18
https://www.youtube.com/watch?v=04vuNovt81d,33
https://www.youtube.com/watch?v=ad4oTZtec6o,2
https://www.youtube.com/watch?v=N965WGUPkW6,61
https://www.youtube.com/watch?v=g-qnRu89iJQ,299
https://www.youtube.com/watch?v=DXEO9nznJMK,317
https://www.youtube.com/watch?v=HzLpKaVw-oa,429
https://www.youtube.com/watch?v=LKZbjrhrLqi,151
https://www.youtube.com/watch?v=oRbcPTRnme4,444
https://www.youtube.com/watch?v=7t1CWV7zxSh,259
https://www.youtube.com/watch?v=BfZVrHjlmpw,250
https://www.youtube.com/watch?v=cXCiszM6P3f,242
https://www.youtube.com/watch?v=c6YLgPY7dHE,69
https://www.youtube.com/watch?v=KFLLahrvRFY,446
https://www.youtube.com/watch?v=_kO0Z44K5N-,475
https://www.youtube.com/watch?v=ZE63e7HXnUK,308
https://www.youtube.com/watch?v=8zbMJuL0yqu,205
https://www.youtube.com/watch?v=eZ-FPDw6Q-y,210
https://www.youtube.com/watch?v=ETLSIJhHMdw,475
https://www.youtube.com/watch?v=pDcTM2CqhmJ,462
https://www.youtube.com/watch?v=KvbbIS8pI2a,171
https://www.youtube.com/watch?v=QJXvj-S6RDp,161
https://www.youtube.com/watch?v=EfWTvrAVd8w,372
https://www.youtube.com/watch?v=N-jpokhlVih,31
https://www.youtube.com/watch?v=wXNeNV3Xrk0,495
https://www.youtube.com/watch?v=yh1qeW4-XXj,456
https://www.youtube.com/watch?v=6HISpguEPAe,4
https://www.youtube.com/watch?v=8F6cRoKwg3e,340
https://www.youtube.com/watch?v=RW2mAoiRgTY,186
https://www.youtube.com/watch?v=lxiruMZklMe,370
https://www.youtube.com/watch?v=PhkdeGxSAZo,25
https://www.youtube.com/watch?v=ZDjSa4m-jvI,334
https://www.youtube.com/watch?v=oCtPl4JKg1N,463
https://www.youtube.com/watch?v=6C0VzumHFzu,293
https://www.youtube.com/watch?v=GNWiOrw0mWP,356
https://www.youtube.com/watch?v=al-z1GwxRsC,403
https://www.youtube.com/watch?v=HSF7Jq6N2gJ,342
https://www.youtube.com/watch?v=MQT-4fuDHcz,437
https://www.youtube.com/watch?v=ytCug1oA0d-,146
https://www.youtube.com/watch?v=13es2_H_nWE,105
https://www.youtube.com/watch?v=olfHMW-CHTL,433
https://www.youtube.com/watch?v=PXffx-uuawU,39
https://www.youtube.com/watch?v=wd8Ew3xeDPu,466
https://www.youtube.com/watch?v=TllmbW1W-W1,175
https://www.youtube.com/watch?v=WL9x1rTXDpa,454
https://www.youtube.com/watch?v=7muPfXbHOkg,39
https://www.youtube.com/watch?v=DfkVhivNWPP,419
https://www.youtube.com/watch?v=vQA6Fg7qo_l,234
https://www.youtube.com/watch?v=HKILWNqDvCf,234
https://www.youtube.com/watch?v=U4EM0PunIrz,9
https://www.youtube.com/watch?v=jPTtS5h7ov6,303
https://www.youtube.com/watch?v=wX-dT5Rk-g7,375
https://www.youtube.com/watch?v=ow81wEISuss,171
https://www.youtube.com/watch?v=11N-9UGdOU9,283
https://www.youtube.com/watch?v=2xlySQbCBIh,449
https://www.youtube.com/watch?v=0smaKZVuvLy,447
https://www.youtube.com/watch?v=OF_Ph1RKEQP,95
https://www.youtube.com/watch?v=Uq4BoagHx1Y,125
https://www.youtube.com/watch?v=wWadd-KVDsk,219
https://www.youtube.com/watch?v=2_XHeU7HHFn,450
https://www.youtube.com/watch?v=-rp4gOEyJnH,94
https://www.youtube.com/watch?v=nmogF5HGmgR,46
https://www.youtube.com/watch?v=DGsgalriaYh,351
https://www.youtube.com/watch?v=ZQDbjqFNiSP,247
https://www.youtube.com/watch?v=c22jprhztri,467
https://www.youtube.com/watch?v=oeFPKKqc0ZO,148
https://www.youtube.com/watch?v=VzhuSubHapB,391
https://www.youtube.com/watch?v=Zc8T5RZ1Yxs,382
https://www.youtube.com/watch?v=3FszYM8-sBB,275
https://www.youtube.com/watch?v=ogQMwxiYlyK,74
https://www.youtube.com/watch?v=CTLkKFZdlrM,78
https://www.youtube.com/watch?v=JEV8Xg5dbzD,239
https://www.youtube.com/watch?v=baPsT01JbDY,244
https://www.youtube.com/watch?v=fpQkvNfCR3x,53
https://www.youtube.com/watch?v=OlZxyYyc417,163
https://www.youtube.com/watch?v=zrps8_ZX6th,92
https://www.youtube.com/watch?v=z79b1ZNZZ2m,385
https://www.youtube.com/watch?v=y4HrJFqweGa,353
https://www.youtube.com/watch?v=HfWZcuOyrDQ,57
https://www.youtube.com/watch?v=ihYlR0nQb9P,484
https://www.youtube.com/watch?v=bQTPF_jC3CN,13
https://www.youtube.com/watch?v=Sp1FMmOmnnr,79
https://www.youtube.com/watch?v=I6TD-T3lOan,409
https://www.youtube.com/watch?v=KJYYk-3z_4z,139
https://www.youtube.com/watch?v=ux2QPGYR3uX,426
https://www.youtube.com/watch?v=j7DWN-lq35M,469
https://www.youtube.com/watch?v=YHljuyAAayh,296
https://www.youtube.com/watch?v=q_MgrvE51rp,333
https://www.youtube.com/watch?v=eeNMJlsysdt,488
https://www.youtube.com/watch?v=-U1jTi9Sr1u,344
https://www.youtube.com/watch?v=4_DH3Nro4BC,417
https://www.youtube.com/watch?v=AOvkldZGAiD,436
https://www.youtube.com/watch?v=pFtu3BKQZt4,445
https://www.youtube.com/watch?v=ZMprwZ5n-Ml,335
https://www.youtube.com/watch?v=qyLJkbXGBxX,237
https://www.youtube.com/watch?v=_vVebIVTQXg,460
https://www.youtube.com/watch?v=iulWDcF5Rtb,196
https://www.youtube.com/watch?v=tw5qkfF_fV5,384
https://www.youtube.com/watch?v=jmpi8g2oUwR,104
https://www.youtube.com/watch?v=WrM58bjSZvh,286
https://www.youtube.com/watch?v=yjGPFe_Z3pm,441
https://www.youtube.com/watch?v=fm0IWdg9GJt,462
https://www.youtube.com/watch?v=gF3Dhew1JfY,29
https://www.youtube.com/watch?v=zqyRGIKdYoG,344
https://www.youtube.com/watch?v=XP9HoNuraIE,48
https://www.youtube.com/watch?v=cmreyccxiO_,450
https://www.youtube.com/watch?v=3_7zdzwpmCo,244
https://www.youtube.com/watch?v=nqOnS_qvjmE,49
https://www.youtube.com/watch?v=9fJLYlc3nuR,279
https://www.youtube.com/watch?v=Dd-vpf8hsY7,127
https://www.youtube.com/watch?v=MvthhKTNFcR,196
https://www.youtube.com/watch?v=ec_tXFCAAuh,276
https://www.youtube.com/watch?v=dic1K6HLpnc,453
https://www.youtube.com/watch?v=7bvBkJQx9ko,27
https://www.youtube.com/watch?v=PjpVWe_3ndn,401
https://www.youtube.com/watch?v=Hk0lozH7pfl,394
https://www.youtube.com/watch?v=fsSJ1OBDwOq,119
https://www.youtube.com/watch?v=GztS_SrxoBn,368
https://www.youtube.com/watch?v=N-hIgZM-CY_,185
https://www.youtube.com/watch?v=j4mgtD3Jvv2,455
https://www.youtube.com/watch?v=vG_-ItShIY-,423
https://www.youtube.com/watch?v=Kikv1aS3VoH,292
https://www.youtube.com/watch?v=kM2I7KQyH1p,263
https://www.youtube.com/watch?v=nSRNoi2-Orr,83
https://www.youtube.com/watch?v=-EGanBVKBAs,13
https://www.youtube.com/watch?v=7ssPgIrHgrl,166
https://www.youtube.com/watch?v=LFqG6f11PUz,394
https://www.youtube.com/watch?v=BInCL15Nlo-,420
https://www.youtube.com/watch?v=uwsq5ohEbR0,413
https://www.youtube.com/watch?v=OsKjKLaT52w,487
https://www.youtube.com/watch?v=N-LAy8TJbCB,421
https://www.youtube.com/watch?v=1RJEvOyuDVp,163
https://www.youtube.com/watch?v=42xBk85AHcp,75
https://www.youtube.com/watch?v=ZSpEd_XH635,181
https://www.youtube.com/watch?v=ewsjHEwwCAB,304
https://www.youtube.com/watch?v=dQxm-2fsjPl,39
https://www.youtube.com/watch?v=JmerP_kRex2,369
https://www.youtube.com/watch?v=TuBs-8GC7qT,264
https://www.youtube.com/watch?v=Qcd2c9uTpg5,58
https://www.youtube.com/watch?v=9hcFW0hcL9Z,165
https://www.youtube.com/watch?v=yMypc4KcMbA,414
https://www.youtube.com/watch?v=UvAIKEEfU9N,198
https://www.youtube.com/watch?v=aWOW6Ijez6y,337
https://www.youtube.com/watch?v=58N90t4Coor,425
https://www.youtube.com/watch?v=v2UA5_KbR0h,356
https://www.youtube.com/watch?v=-eF1Huss05k,395
https://www.youtube.com/watch?v=mEKeK0d5yIg,275
https://www.youtube.com/watch?v=FzVD9NdQ6jD,471
https://www.youtube.com/watch?v=GMu4mYsuCNX,43
https://www.youtube.com/watch?v=ekmgktIbuxL,215
https://www.youtube.com/watch?v=E4gpuxkxxUj,258
https://www.youtube.com/watch?v=tN5Oj0gDzrh,357
https://www.youtube.com/watch?v=Tu-DqnYnklV,123
https://www.youtube.com/watch?v=sjw6C8AapnW,344
https://www.youtube.com/watch?v=c1lca3BRr3l,196
https://www.youtube.com/watch?v=NDNgnyKIuQ4,146
https://www.youtube.com/watch?v=q-0N-Fbu4Z5,343
https://www.youtube.com/watch?v=Pu3EOkpfLJD,116
https://www.youtube.com/watch?v=5bKbLxO8KkW,74
https://www.youtube.com/watch?v=raxJroLajNy,313
https://www.youtube.com/watch?v=mZtVmDkjIJS,37
https://www.youtube.com/watch?v=vD6oL2-X2SM,20
https://www.youtube.com/watch?v=Su8M3jCW7ZW,251
https://www.youtube.com/watch?v=TfMhqnyXz8r,412
https://www.youtube.com/watch?v=7fAQr18y3LB,458
https://www.youtube.com/watch?v=MSzwGpqghaV,27
https://www.youtube.com/watch?v=3t7dVqHoArB,394
https://www.youtube.com/watch?v=CAUaup2ODw1,32
https://www.youtube.com/watch?v=fjux-2RK6U3,491
https://www.youtube.com/watch?v=dTkpFxbir67,41
https://www.youtube.com/watch?v=dxGKgS9xTlO,468
https://www.youtube.com/watch?v=FMCm_mQd8-7,130
https://www.youtube.com/watch?v=7ybAdBBb4Fl,10
https://www.youtube.com/watch?v=7vfothzdamC,421
https://www.youtube.com/watch?v=hFa2fNdvFkq,362
https://www.youtube.com/watch?v=X7QKclK7zwi,55
https://www.youtube.com/watch?v=YJroRMLk3PW,478
https://www.youtube.com/watch?v=1srNoAFhRhF,406
https://www.youtube.com/watch?v=FS4dOE3ONEt,443
https://www.youtube.com/watch?v=mMKAxz_tx5o,349
https://www.youtube.com/watch?v=oTKNpYeIzTY,112
https://www.youtube.com/watch?v=Xs3QZeWXZ4s,431
https://www.youtube.com/watch?v=n1XNGyDasYN,77
https://www.youtube.com/watch?v=0Gg_YDoJ5I2,132
https://www.youtube.com/watch?v=SqLdaVlbpG3,82
https://www.youtube.com/watch?v=SbrVGM2Cs6w,461
https://www.youtube.com/watch?v=rQex8MyJYCh,390
https://www.youtube.com/watch?v=bV6Rgjuo_uD,464
https://www.youtube.com/watch?v=GZthDzNE7Z8,62
https://www.youtube.com/watch?v=0DpjXzKPgfQ,28
https://www.youtube.com/watch?v=MbhUfHCcuPh,139
https://www.youtube.com/watch?v=ez7-_Lp3pye,446
https://www.youtube.com/watch?v=K3yVfbykPRF,53
https://www.youtube.com/watch?v=dbO_2WFxCmC,190
https://www.youtube.com/watch?v=s0ICF2oM0qR,238
https://www.youtube.com/watch?v=JIe171ek-dc,395
https://www.youtube.com/watch?v=mtx0J-ydJ4x,363
https://www.youtube.com/watch?v=j_ZGdYD6LYO,188
https://www.youtube.com/watch?v=ytqFVO4hi6i,416
https://www.youtube.com/watch?v=WFR7KWrdZKw,482
https://www.youtube.com/watch?v=k0qD3QbZIuH,405
https://www.youtube.com/watch?v=a0h5UMd77Iw,485
https://www.youtube.com/watch?v=1gjCUDlmNtN,301
https://www.youtube.com/watch?v=IlkyQaA9TEj,128
https://www.youtube.com/watch?v=x-GsRA30CrO,231
https://www.youtube.com/watch?v=cCEjP3-QCw5,74
https://www.youtube.com/watch?v=tF4zFxyO7HV,337
https://www.youtube.com/watch?v=W9uHYGlbcUY,281
https://www.youtube.com/watch?v=8AoDAjkVFzC,331
https://www.youtube.com/watch?v=S6sTjNg71vH,498
https://www.youtube.com/watch?v=ordVjp3U7Kz,257
https://www.youtube.com/watch?v=JOxoADni6nM,446
https://www.youtube.com/watch?v=I3FPqsF2dFk,374
https://www.youtube.com/watch?v=KoRT__bl-cv,478
https://www.youtube.com/watch?v=6TCNRaoupfl,224
https://www.youtube.com/watch?v=7rKN-ViSMy2,244
https://www.youtube.com/watch?v=yzXu-6vkhrm,369
https://www.youtube.com/watch?v=v8Zua1_aO_X,217
https://www.youtube.com/watch?v=whJ7yw-oS0s,63
https://www.youtube.com/watch?v=3aH_p0fYTnm,382
https://www.youtube.com/watch?v=aw2Rtxi6DkC,354
https://www.youtube.com/watch?v=MekWg3Llwtz,482
https://www.youtube.com/watch?v=H2oP9hRdcr9,240
https://www.youtube.com/watch?v=RHJnk7Tnkdq,126
https://www.youtube.com/watch?v=eulksgaJO45,258
https://www.youtube.com/watch?v=wrSXR3W6Z_4,285
https://www.youtube.com/watch?v=tFDjt_tMRE_,429
https://www.youtube.com/watch?v=j94xnR-V02N,125
https://www.youtube.com/watch?v=zFwFzesw1Wm,267
https://www.youtube.com/watch?v=cARROn9VTcC,19
https://www.youtube.com/watch?v=uxCqHLbSgD8,11
https://www.youtube.com/watch?v=xWJpkh2yZCx,208
https://www.youtube.com/watch?v=ToMIYOrw3r1,132
https://www.youtube.com/watch?v=uR0Jg2bNNE4,287
https://www.youtube.com/watch?v=lqxdGlyu6Bo,1
https://www.youtube.com/watch?v=zvn65avq1NS,45
https://www.youtube.com/watch?v=zmD7flQLrVJ,198
https://www.youtube.com/watch?v=LBmmkNu2i_0,411
https://www.youtube.com/watch?v=CJt63NWM924,109
https://www.youtube.com/watch?v=XR2SdB7ODSd,205
https://www.youtube.com/watch?v=cNoJYa-kSuP,111
https://www.youtube.com/watch?v=ez5Hh1jVK3O,385
https://www.youtube.com/watch?v=0YS7RR5ykPC,441
https://www.youtube.com/watch?v=ErJ4XPLQ4zN,136
https://www.youtube.com/watch?v=LC9D7-WiUGN,87
https://www.youtube.com/watch?v=vJ-KMdr51K1,452
https://www.youtube.com/watch?v=0tj7Vo9-fM0,342
https://www.youtube.com/watch?v=nGHKhMwgQtZ,175
https://www.youtube.com/watch?v=p7b_5gvsTsF,121
https://www.youtube.com/watch?v=dmYi23DYBEu,346
https://www.youtube.com/watch?v=js_SOOOk9yd,101
https://www.youtube.com/watch?v=KJgsQJh5AAY,87
https://www.youtube.com/watch?v=jmeyAEeF4Qx,415
https://www.youtube.com/watch?v=JV5p3gaUavB,17
https://www.youtube.com/watch?v=pUpwsfJYVSp,394
https://www.youtube.com/watch?v=avsvk4pxaFJ,240
https://www.youtube.com/watch?v=nevm6UaMVXg,421
https://www.youtube.com/watch?v=igW7IIhP35h,444
https://www.youtube.com/watch?v=i1J7rSaNQBM,208
https://www.youtube.com/watch?v=nNe_8KVpPA_,306
https://www.youtube.com/watch?v=FwWfATLxKSI,265
https://www.youtube.com/watch?v=ON3iAmkRkPd,156
https://www.youtube.com/watch?v=xBR4USzaDhR,41
https://www.youtube.com/watch?v=bQsTq9hgdO9,141
https://www.youtube.com/watch?v=Y5cr7tw1Zfo,388
https://www.youtube.com/watch?v=bC3wzLoQmvn,75
https://www.youtube.com/watch?v=kwN9TyF-z-F,432
https://www.youtube.com/watch?v=mELdU4Jbbb2,203
https://www.youtube.com/watch?v=IXOAN1pZWTP,300
https://www.youtube.com/watch?v=vY1IlXNVITY,202
https://www.youtube.com/watch?v=ff-qvLleLrd,290
https://www.youtube.com/watch?v=6bjydpBMwds,383
https://www.youtube.com/watch?v=NVSoasH4b-l,152
https://www.youtube.com/watch?v=7eTc0NihgFR,373
https://www.youtube.com/watch?v=CFhqcYGeRWp,365
https://www.youtube.com/watch?v=pC8AyrSFLGw,392
https://www.youtube.com/watch?v=aDY3OlRzeP7,86
https://www.youtube.com/watch?v=DjR_Ev7sxt4,51
https://www.youtube.com/watch?v=X6xZI9qPiAt,341
https://www.youtube.com/watch?v=p2h4qvIYVRc,200
https://www.youtube.com/watch?v=KulsbXvXdlA,488
https://www.youtube.com/watch?v=rzKeW-uOVH7,173
https://www.youtube.com/watch?v=ULxD5OBKgbQ,367
https://www.youtube.com/watch?v=4gCjE9Svou6,88
https://www.youtube.com/watch?v=uD-iRzRX6oA,241
https://www.youtube.com/watch?v=QpHdjexGZnV,422
https://www.youtube.com/watch?v=VTeix8CDcdh,62
https://www.youtube.com/watch?v=RvKMrH5lJzM,354
https://www.youtube.com/watch?v=NLxTSX3I1CR,150
https://www.youtube.com/watch?v=5-QmdSRd8tA,350
https://www.youtube.com/watch?v=1USDlCgBLZ0,230
https://www.youtube.com/watch?v=axZRx71ezHG,28
https://www.youtube.com/watch?v=TU6Xc4ZVVME,223
https://www.youtube.com/watch?v=zalaVLZxbhu,288
https://www.youtube.com/watch?v=r28XjKtnXMq,383
https://www.youtube.com/watch?v=RTzsE5r8U5B,82
https://www.youtube.com/watch?v=WHt7QUK1l2Q,202
https://www.youtube.com/watch?v=gGUbG-8IZUT,359
https://www.youtube.com/watch?v=AxPxhDK-CtJ,446
https://www.youtube.com/watch?v=iudfa5k0ARX,69
https://www.youtube.com/watch?v=q8OtR91blUq,410
https://www.youtube.com/watch?v=tPn0P63e7Rm,179
https://www.youtube.com/watch?v=-lLRggCacGn,458
https://www.youtube.com/watch?v=LGXZD7rqzXF,376
https://www.youtube.com/watch?v=EqxIpnD1UQ6,178
https://www.youtube.com/watch?v=ySNNZCRAwI4,415
https://www.youtube.com/watch?v=QChAsPm0-fT,127
https://www.youtube.com/watch?v=bfRvc15jkmZ,358
https://www.youtube.com/watch?v=Rthk2TjjNu8,477
https://www.youtube.com/watch?v=VpUTS0HeKNB,237
https://www.youtube.com/watch?v=cTQvC267cA8,388
https://www.youtube.com/watch?v=VmlBQNFahqi,304
https://www.youtube.com/watch?v=oa7pFmwYQO1,306
https://www.youtube.com/watch?v=uSf9JFzudqm,39
https://www.youtube.com/watch?v=coKDiwIGN8s,453
https://www.youtube.com/watch?v=x2KIcmqKStt,401
https://www.youtube.com/watch?v=4WmGM-2_6zX,172
https://www.youtube.com/watch?v=sGg1IaTRHh-,458
https://www.youtube.com/watch?v=Ys_cPXCFnPV,343
https://www.youtube.com/watch?v=qpwdLRn5XP_,241
https://www.youtube.com/watch?v=6QcUGHE1j2M,139
https://www.youtube.com/watch?v=2-toWljJnJT,150
https://www.youtube.com/watch?v=AIxat7NFGUC,112
https://www.youtube.com/watch?v=hJbRFYe_bTJ,327
https://www.youtube.com/watch?v=wyZU3-0eU-1,272
https://www.youtube.com/watch?v=ypV17zzRfl-,158
https://www.youtube.com/watch?v=fDSse9cctON,138
https://www.youtube.com/watch?v=oepFSDO8SNt,332
https://www.youtube.com/watch?v=eclze1acWEx,277
https://www.youtube.com/watch?v=cUTI8i3iYr0,171
https://www.youtube.com/watch?v=l0JQJJbbeXf,287
https://www.youtube.com/watch?v=WgKJSz8sOfz,375
https://www.youtube.com/watch?v=zfRgwyKjw-z,207
https://www.youtube.com/watch?v=guHXi2i_AON,62
https://www.youtube.com/watch?v=K2X2l8hzOyP,88
https://www.youtube.com/watch?v=-sKWCx42951,283
https://www.youtube.com/watch?v=d89UqLiydoh,122
https://www.youtube.com/watch?v=IgEiQRHzcNS,226
https://www.youtube.com/watch?v=IahqVU5IfUH,442
https://www.youtube.com/watch?v=Pyl0pTmmCRL,175
https://www.youtube.com/watch?v=m9Ndnvkjl-7,454
https://www.youtube.com/watch?v=LdFW-LheETr,480
https://www.youtube.com/watch?v=I_aeQ_bslKp,147
https://www.youtube.com/watch?v=WYqvGZ-RxD_,352
https://www.youtube.com/watch?v=6i7lg7KeM3v,394
https://www.youtube.com/watch?v=1BrBQvpwSrn,102
https://www.youtube.com/watch?v=OFlId4tGJ1w,454
https://www.youtube.com/watch?v=y0mqzoQ5rKU,74
https://www.youtube.com/watch?v=XezRJKG4P87,198
https://www.youtube.com/watch?v=6iMiI4ibCZW,323
https://www.youtube.com/watch?v=KIYPqSrGdbI,116
https://www.youtube.com/watch?v=V7A-FU_taWB,497
https://www.youtube.com/watch?v=vlz0MQPwZTX,300
https://www.youtube.com/watch?v=olnKiEqvfRk,425
https://www.youtube.com/watch?v=FJ9Z-2z4RKW,344
https://www.youtube.com/watch?v=ryCC2QZ23C7,84
https://www.youtube.com/watch?v=FvQzTKkujNm,196
https://www.youtube.com/watch?v=NbqlGGiAp1P,22
https://www.youtube.com/watch?v=zvV29POrT8F,103
https://www.youtube.com/watch?v=4tb4MfrKOzA,247
https://www.youtube.com/watch?v=OZlNmzrC4L4,19
https://www.youtube.com/watch?v=1IyFSNO23Yj,475
https://www.youtube.com/watch?v=2nKlVpy4WMz,456
https://www.youtube.com/watch?v=boPgmepRvHS,17
https://www.youtube.com/watch?v=CPayNJo7F8W,277
https://www.youtube.com/watch?v=m4zAKRrM_pX,61
https://www.youtube.com/watch?v=MpAZXL142B9,277
https://www.youtube.com/watch?v=vgryPBg7OeG,446
https://www.youtube.com/watch?v=Zqjfn5zEC9b,49
https://www.youtube.com/watch?v=ThKadW6iGAB,463
https://www.youtube.com/watch?v=rw-TLQ8_7Fg,387
https://www.youtube.com/watch?v=rJWFla3WBWP,86
https://www.youtube.com/watch?v=OUjwmwWMTDV,250
https://www.youtube.com/watch?v=HJJzZ3ZBDUy,328
https://www.youtube.com/watch?v=OEd5WSNE4aC,143
https://www.youtube.com/watch?v=U5scxq4gxm7,29
https://www.youtube.com/watch?v=tm3jfs3Inkz,462
https://www.youtube.com/watch?v=rvTFiUvRcoP,492
https://www.youtube.com/watch?v=J8pel0LLYqj,157
https://www.youtube.com/watch?v=1ncCIORFAbG,140
https://www.youtube.com/watch?v=KfBuEq8kkoG,174
https://www.youtube.com/watch?v=jfmWmiqE4TF,142
https://www.youtube.com/watch?v=eT8FJYOWfgO,477
https://www.youtube.com/watch?v=wZnOKu-XVK9,37
https://www.youtube.com/watch?v=MjAEbkKglmO,129
https://www.youtube.com/watch?v=kAMQOSZtp7M,418
https://www.youtube.com/watch?v=mTkng8v5YLw,482
https://www.youtube.com/watch?v=xE9zj8bTC1y,392
https://www.youtube.com/watch?v=ecdzpyXx8_l,490
https://www.youtube.com/watch?v=HvvA4SW5EnG,16
https://www.youtube.com/watch?v=-zWD9TfhWDO,193
https://www.youtube.com/watch?v=ovsFPS1biDu,246
https://www.youtube.com/watch?v=2Rup7uh8dni,156
https://www.youtube.com/watch?v=5JAoXacHg0I,66
https://www.youtube.com/watch?v=N-Burd5saqt,125
https://www.youtube.com/watch?v=ZmDGZ-cBZw_,437
https://www.youtube.com/watch?v=dvXrl0w9MZs,481
https://www.youtube.com/watch?v=-MDF0GFT5DO,193
https://www.youtube.com/watch?v=RNCPt49jaNU,61
https://www.youtube.com/watch?v=3kpvhRnaIvs,485
https://www.youtube.com/watch?v=lgAqFI2RxU1,136
https://www.youtube.com/watch?v=wOQAgrINAHE,181
https://www.youtube.com/watch?v=l0mRonArfbj,164
https://www.youtube.com/watch?v=Kd-oHp3Pkpr,381
https://www.youtube.com/watch?v=FQ6_aC7yYnt,490
https://www.youtube.com/watch?v=PN0iBJMnVeQ,33
https://www.youtube.com/watch?v=Ib4Suqk5-PO,472
https://www.youtube.com/watch?v=x5eEIJDRjF2,214
https://www.youtube.com/watch?v=NlW4iLtKn4L,169
https://www.youtube.com/watch?v=DV0zS8rRH5r,346
https://www.youtube.com/watch?v=mREEEz4bvWB,60
https://www.youtube.com/watch?v=yah1ibpZ54v,136
https://www.youtube.com/watch?v=GMcXA2Cz96F,242
https://www.youtube.com/watch?v=Zl07YXGRnYs,19
https://www.youtube.com/watch?v=S0boZ3tClg4,390
https://www.youtube.com/watch?v=i0JWoFEn0ZJ,275
https://www.youtube.com/watch?v=MkcB42hCFVj,474
https://www.youtube.com/watch?v=rFnIezpjbO6,291
https://www.youtube.com/watch?v=OjqtBJHXsxF,416
https://www.youtube.com/watch?v=AuMvl5zwanY,365
https://www.youtube.com/watch?v=MISn5l5LX7u,470
https://www.youtube.com/watch?v=87w5AHNXhW_,7
https://www.youtube.com/watch?v=gBfcyG86DMw,271
https://www.youtube.com/watch?v=SdrXSRk86eE,93
https://www.youtube.com/watch?v=aLgi5kNrcZK,145
https://www.youtube.com/watch?v=6eoe5YHI4pS,113
https://www.youtube.com/watch?v=JSCMjAb5VQQ,148
https://www.youtube.com/watch?v=emmqD2a7THa,7
https://www.youtube.com/watch?v=nMLmqmpL35Z,201
https://www.youtube.com/watch?v=-xBjxKIPYUb,451
https://www.youtube.com/watch?v=x4nkt91fiRs,465
https://www.youtube.com/watch?v=MufJWA5Xw3I,212
https://www.youtube.com/watch?v=fD3PeNyJeZ4,48
https://www.youtube.com/watch?v=0KGQYtXNu1R,130
https://www.youtube.com/watch?v=z6Pv23fAxZa,134
https://www.youtube.com/watch?v=tdup14vSbR8,137
https://www.youtube.com/watch?v=rq8xtUtPstZ,109
https://www.youtube.com/watch?v=PupfqWqn27p,463
https://www.youtube.com/watch?v=DubD5d8sqFT,373
https://www.youtube.com/watch?v=993BwBopfgq,149
https://www.youtube.com/watch?v=PD7N-vAsohl,358
https://www.youtube.com/watch?v=W46BBAxEiwo,483
https://www.youtube.com/watch?v=o423T8VGMSB,144
https://www.youtube.com/watch?v=TxJ1fpkrHP7,467
https://www.youtube.com/watch?v=3Mp08XG0kr9,356
https://www.youtube.com/watch?v=vaBY0gZc_A2,238
https://www.youtube.com/watch?v=zcAskOK_mmq,457
https://www.youtube.com/watch?v=Ps6x31NwaJl,388
https://www.youtube.com/watch?v=H1u4v9Snn5d,265
https://www.youtube.com/watch?v=iSpUcnVFPCQ,56
https://www.youtube.com/watch?v=GAsgwJfMph1,433
https://www.youtube.com/watch?v=FpWLrmpPurU,347
https://www.youtube.com/watch?v=BBx_oLdY8GQ,18
https://www.youtube.com/watch?v=8KEMNr3IF8e,250
https://www.youtube.com/watch?v=CaUX3RHns3z,206
https://www.youtube.com/watch?v=Z1F-SaZ9IAE,17
https://www.youtube.com/watch?v=GHKJF30lvJO,50
https://www.youtube.com/watch?v=YQ1KjyKDcvM,95
https://www.youtube.com/watch?v=_dNN-YG6LML,259
https://www.youtube.com/watch?v=R4lElxiERQt,176
https://www.youtube.com/watch?v=jLTikOlloDY,22
https://www.youtube.com/watch?v=y6T1nGd1ZR2,180
https://www.youtube.com/watch?v=vWGlrfIcNfx,115
https://www.youtube.com/watch?v=UaeUuJ5fqUN,469
https://www.youtube.com/watch?v=dn9FOsEMlGn,262
https://www.youtube.com/watch?v=KZYdsBiCNwF,165
https://www.youtube.com/watch?v=Yv4w8LKLKhe,2
https://www.youtube.com/watch?v=QgV55MXR_iC,290
https://www.youtube.com/watch?v=fwJR9eV6TQw,184
https://www.youtube.com/watch?v=i4BCrDWKFPi,371
https://www.youtube.com/watch?v=kH9DhFDXax7,189
https://www.youtube.com/watch?v=DMy6SZwmzid,144
https://www.youtube.com/watch?v=5DhmjejEPWC,338
https://www.youtube.com/watch?v=bm0o8fo3u6H,281
https://www.youtube.com/watch?v=b41V4rIMkKz,149
https://www.youtube.com/watch?v=u1nE7g-_76j,279
https://www.youtube.com/watch?v=DW9imATJt0-,5
https://www.youtube.com/watch?v=Y81BWwIyk4T,378
https://www.youtube.com/watch?v=mU-0PZeVYNd,36
https://www.youtube.com/watch?v=goleEPwTnbX,220
https://www.youtube.com/watch?v=1_lgeB9yU9W,231
https://www.youtube.com/watch?v=dHSqqBGFTHq,257
https://www.youtube.com/watch?v=1iDxvdWTRi7,339
https://www.youtube.com/watch?v=tXvpDOKWUTP,249
https://www.youtube.com/watch?v=W3Xzt9S9_n5,17
https://www.youtube.com/watch?v=e_hODEvbUZ-,367
https://www.youtube.com/watch?v=I2gROr0I5yy,315
https://www.youtube.com/watch?v=w-JQSyiNFiJ,367
https://www.youtube.com/watch?v=YCZZt6D76xC,243
https://www.youtube.com/watch?v=J4b7gRel7te,353
https://www.youtube.com/watch?v=0otd2gmlol9,384
https://www.youtube.com/watch?v=ppEc53OiucR,178
https://www.youtube.com/watch?v=i_Dxez66Ocq,229
https://www.youtube.com/watch?v=_xfO_prOHBO,6
https://www.youtube.com/watch?v=H7U7fcu8CKA,197
https://www.youtube.com/watch?v=R1-Ainc6kaY,25
https://www.youtube.com/watch?v=snw2PVph00z,197
https://www.youtube.com/watch?v=oBfljwngxX_,340
https://www.youtube.com/watch?v=8PnJPKK5nkB,353
https://www.youtube.com/watch?v=3XXpsO7mNDG,243
https://www.youtube.com/watch?v=CI2MTD8Lpb_,239
https://www.youtube.com/watch?v=hIzPFUTLmAM,201
https://www.youtube.com/watch?v=FtScKMKwn4b,382
https://www.youtube.com/watch?v=TwdZzOa0bqv,381
https://www.youtube.com/watch?v=7rPM5Kw5SFU,433
https://www.youtube.com/watch?v=WNmfdS1jI2A,64
https://www.youtube.com/watch?v=rEPApNJYw_Z,481
https://www.youtube.com/watch?v=S6UCAe9-DOZ,500
https://www.youtube.com/watch?v=lRItWsQ9744,428
https://www.youtube.com/watch?v=Rz_PHDrujRB,496
https://www.youtube.com/watch?v=5E81BTgVDZl,300
https://www.youtube.com/watch?v=jKfAtuOHknA,256
https://www.youtube.com/watch?v=UyO0FroAbn4,417
https://www.youtube.com/watch?v=FpHWkj_UdJX,97
https://www.youtube.com/watch?v=9_j98Xu7Voi,185
https://www.youtube.com/watch?v=lmxoIqcKjPw,38
https://www.youtube.com/watch?v=vIATeTo29xC,490
https://www.youtube.com/watch?v=45QdvK8cDlR,461
https://www.youtube.com/watch?v=LVEKQhByWgA,166
https://www.youtube.com/watch?v=ZWexPcan9MD,292
https://www.youtube.com/watch?v=dinRHGVrjbY,141
https://www.youtube.com/watch?v=xZYhRgS6zYW,213
https://www.youtube.com/watch?v=oY3B8VgFNrQ,172
https://www.youtube.com/watch?v=z454a3CKXpE,16
https://www.youtube.com/watch?v=VfLDD_evrvk,419
https://www.youtube.com/watch?v=lLrzUz-CfBL,447
https://www.youtube.com/watch?v=94qq4ooPF_1,231
https://www.youtube.com/watch?v=oVXT_rQiC6U,278
https://www.youtube.com/watch?v=yN_PbefpI-y,334
https://www.youtube.com/watch?v=epduJ--MDod,2
https://www.youtube.com/watch?v=pk_g5HHMffc,73
https://www.youtube.com/watch?v=xjxa7cbe6tI,253
https://www.youtube.com/watch?v=KPggB39sxss,211
https://www.youtube.com/watch?v=iH9K4f0bzsm,202
https://www.youtube.com/watch?v=mUqIjPWdzKj,278
https://www.youtube.com/watch?v=t2tsbxeP0nB,137
https://www.youtube.com/watch?v=HGW-h2rtnRf,99
https://www.youtube.com/watch?v=MeBAmnWYMxe,169
https://www.youtube.com/watch?v=cRyrdblFCxs,186
https://www.youtube.com/watch?v=n8JgPFe4Vih,480
https://www.youtube.com/watch?v=7EBdhWuFKh-,3
https://www.youtube.com/watch?v=z88QgNS06uh,67
https://www.youtube.com/watch?v=99K6u4QsI44,335
https://www.youtube.com/watch?v=DZ9psGYPjzu,271
https://www.youtube.com/watch?v=kp7MwNvaYZc,101
https://www.youtube.com/watch?v=LXb9OJINQhf,349
https://www.youtube.com/watch?v=a4I1rqC3rNX,245
https://www.youtube.com/watch?v=aZnvKQHcaiu,307
