locker_id,location_zone,rental_end_date,trainee_id
1,Women Locker Room,2026-07-11,385
2,First Floor,2027-01-18,129
3,Men Locker Room,,
4,Men Locker Room,2026-12-19,274
5,Men Locker Room,,
6,Men Locker Room,2027-01-28,158
7,Men Locker Room,,
8,VIP Zone,,
9,Men Locker Room,,
10,Women Locker Room,,
11,Men Locker Room,2027-03-08,35
12,Pool Area,,
13,Women Locker Room,,
14,Men Locker Room,,
15,Men Locker Room,,
16,First Floor,,
17,Spa Area,,
18,Men Locker Room,2026-09-11,153
19,Women Locker Room,2026-08-25,489
20,First Floor,,
21,Spa Area,2026-08-22,56
22,Women Locker Room,2026-10-19,257
23,VIP Zone,2027-01-01,229
24,Men Locker Room,,
25,VIP Zone,2026-08-06,159
26,Men Locker Room,,
27,First Floor,,
28,VIP Zone,,
29,Women Locker Room,2027-03-05,306
30,Studio Corridor,,
31,Women Locker Room,,
32,First Floor,,
33,VIP Zone,2027-03-28,152
34,Women Locker Room,,
35,Men Locker Room,2026-05-26,322
36,Men Locker Room,,
37,Men Locker Room,,
38,First Floor,,
39,Women Locker Room,2026-07-29,308
40,First Floor,,
41,Women Locker Room,2026-09-13,45
42,First Floor,,
43,First Floor,2026-09-07,87
44,Men Locker Room,2026-07-31,133
45,Men Locker Room,,
46,Men Locker Room,,
47,First Floor,,
48,Men Locker Room,2026-10-26,67
49,Men Locker Room,,
50,First Floor,2026-07-30,16
51,First Floor,2026-08-20,12
52,Men Locker Room,,
53,Men Locker Room,,
54,Women Locker Room,,
55,Women Locker Room,2026-06-12,488
56,Women Locker Room,,
57,Men Locker Room,,
58,Men Locker Room,,
59,First Floor,2026-11-26,287
60,Men Locker Room,,
61,Spa Area,2027-02-02,33
62,First Floor,2026-04-19,306
63,Studio Corridor,,
64,Pool Area,2026-07-06,487
65,Men Locker Room,2026-11-17,287
66,Men Locker Room,2026-07-10,58
67,Men Locker Room,,
68,Men Locker Room,,
69,First Floor,2026-10-17,251
70,First Floor,2026-07-23,445
71,First Floor,2026-10-27,192
72,Women Locker Room,,
73,Pool Area,,
74,Studio Corridor,2026-10-04,477
75,Women Locker Room,,
76,Men Locker Room,,
77,Studio Corridor,2026-05-26,88
78,Men Locker Room,2026-07-08,316
79,VIP Zone,,
80,Studio Corridor,,
81,Men Locker Room,,
82,Women Locker Room,2027-03-27,448
83,Women Locker Room,2027-02-19,248
84,Men Locker Room,2027-01-14,351
85,Men Locker Room,2026-08-24,55
86,Women Locker Room,2027-03-19,73
87,First Floor,,
88,Women Locker Room,2026-05-06,160
89,First Floor,,
90,Men Locker Room,2026-07-06,199
91,First Floor,,
92,Men Locker Room,2026-07-19,232
93,Men Locker Room,,
94,Pool Area,,
95,Studio Corridor,2026-07-03,381
96,Men Locker Room,2027-01-28,259
97,Men Locker Room,2026-06-03,199
98,Women Locker Room,,
99,First Floor,2026-11-13,31
100,Men Locker Room,2026-04-03,205
101,First Floor,2026-10-31,60
102,Women Locker Room,2027-01-25,81
103,Men Locker Room,,
104,Studio Corridor,,
105,Men Locker Room,2026-11-19,10
106,First Floor,,
107,First Floor,2027-03-27,266
108,Women Locker Room,,
109,Men Locker Room,,
110,Men Locker Room,,
111,Women Locker Room,,
112,Men Locker Room,2026-12-11,251
113,Women Locker Room,,
114,Pool Area,,
115,First Floor,2026-09-29,322
116,First Floor,2027-01-30,184
117,Men Locker Room,2026-08-18,323
118,Women Locker Room,2026-05-26,218
119,First Floor,,
120,First Floor,,
121,VIP Zone,,
122,Women Locker Room,2027-03-15,208
123,Women Locker Room,,
124,First Floor,,
125,Women Locker Room,,
126,Women Locker Room,2026-08-05,384
127,Women Locker Room,2026-10-20,453
128,Women Locker Room,,
129,Studio Corridor,,
130,Spa Area,,
131,Spa Area,2026-09-20,444
132,Women Locker Room,2026-04-21,429
133,Women Locker Room,,
134,First Floor,2026-10-12,149
135,First Floor,,
136,Women Locker Room,,
137,Men Locker Room,2026-06-19,175
138,Women Locker Room,,
139,Men Locker Room,2026-06-17,309
140,Women Locker Room,,
141,Women Locker Room,,
142,Men Locker Room,2027-02-15,272
143,Men Locker Room,,
144,Pool Area,,
145,Men Locker Room,2026-12-13,326
146,Men Locker Room,,
147,Women Locker Room,2027-03-19,454
148,Pool Area,,
149,Men Locker Room,2026-05-13,87
150,Women Locker Room,,
151,Studio Corridor,2026-04-10,344
152,Spa Area,,
153,Men Locker Room,,
154,Spa Area,2026-12-29,211
155,Men Locker Room,,
156,Men Locker Room,2027-02-28,338
157,First Floor,2026-11-28,469
158,First Floor,2026-08-18,225
159,Women Locker Room,2026-09-17,355
160,Men Locker Room,,
161,VIP Zone,2026-05-05,456
162,Men Locker Room,,
163,VIP Zone,2027-03-22,211
164,Pool Area,,
165,Studio Corridor,2027-03-18,439
166,VIP Zone,,
167,First Floor,,
168,First Floor,2026-09-09,298
169,First Floor,,
170,VIP Zone,2026-08-06,66
171,Men Locker Room,,
172,First Floor,,
173,Women Locker Room,,
174,Men Locker Room,,
175,First Floor,,
176,Men Locker Room,,
177,Women Locker Room,2027-02-02,182
178,Men Locker Room,,
179,VIP Zone,2027-03-02,388
180,Men Locker Room,2026-09-24,194
181,Studio Corridor,,
182,Men Locker Room,,
183,Women Locker Room,2027-02-20,460
184,Spa Area,,
185,First Floor,2026-08-01,51
186,Men Locker Room,2026-07-02,77
187,Pool Area,,
188,First Floor,,
189,Spa Area,2026-12-24,8
190,Women Locker Room,2026-05-08,363
191,Men Locker Room,,
192,Men Locker Room,,
193,Men Locker Room,,
194,First Floor,,
195,Men Locker Room,,
196,Men Locker Room,2026-08-28,21
197,VIP Zone,,
198,VIP Zone,,
199,Men Locker Room,2026-07-07,422
200,Women Locker Room,,
201,Men Locker Room,2027-03-07,498
202,Pool Area,2026-05-10,163
203,First Floor,,
204,Pool Area,2026-10-01,147
205,Studio Corridor,,
206,Men Locker Room,,
207,Women Locker Room,,
208,First Floor,,
209,Men Locker Room,,
210,Men Locker Room,2026-12-25,434
211,Women Locker Room,,
212,Pool Area,2026-12-10,188
213,Men Locker Room,2026-12-30,335
214,Women Locker Room,,
215,Spa Area,2026-04-30,465
216,Women Locker Room,,
217,Men Locker Room,,
218,Men Locker Room,,
219,Men Locker Room,,
220,Women Locker Room,,
221,Studio Corridor,,
222,Men Locker Room,,
223,Men Locker Room,2026-05-23,235
224,Women Locker Room,2026-05-17,456
225,Women Locker Room,,
226,VIP Zone,2026-08-29,144
227,Men Locker Room,,
228,Women Locker Room,,
229,Women Locker Room,2026-09-02,171
230,Women Locker Room,2026-06-04,27
231,Men Locker Room,,
232,First Floor,,
233,Women Locker Room,,
234,First Floor,2026-11-11,68
235,Women Locker Room,2027-01-12,311
236,First Floor,,
237,VIP Zone,,
238,Men Locker Room,,
239,Women Locker Room,,
240,Men Locker Room,2027-03-02,312
241,VIP Zone,,
242,Spa Area,,
243,Men Locker Room,2026-10-06,114
244,Women Locker Room,,
245,Men Locker Room,2026-11-03,379
246,First Floor,2027-01-06,84
247,VIP Zone,2027-03-28,71
248,Men Locker Room,,
249,Women Locker Room,2027-02-15,306
250,Women Locker Room,,
251,First Floor,,
252,Spa Area,,
253,First Floor,,
254,Pool Area,,
255,First Floor,2026-11-05,364
256,VIP Zone,,
257,Men Locker Room,2026-07-12,11
258,Men Locker Room,,
259,Spa Area,,
260,First Floor,,
261,Pool Area,,
262,First Floor,,
263,Men Locker Room,,
264,First Floor,2026-05-06,9
265,VIP Zone,,
266,Men Locker Room,,
267,Men Locker Room,,
268,First Floor,2027-03-14,235
269,Men Locker Room,,
270,Women Locker Room,2026-06-14,163
271,Men Locker Room,,
272,VIP Zone,,
273,Men Locker Room,,
274,Men Locker Room,,
275,Women Locker Room,,
276,VIP Zone,,
277,Studio Corridor,,
278,Men Locker Room,2026-07-11,271
279,Men Locker Room,2026-09-24,278
280,Men Locker Room,2026-08-04,171
281,Women Locker Room,2026-08-02,171
282,Men Locker Room,,
283,Men Locker Room,2026-10-28,498
284,Women Locker Room,2027-03-14,1
285,Men Locker Room,2026-05-07,469
286,Studio Corridor,2026-05-28,375
287,Men Locker Room,,
288,First Floor,2027-02-21,80
289,Men Locker Room,2026-05-21,385
290,Men Locker Room,2026-06-01,65
291,Studio Corridor,2026-04-06,117
292,Studio Corridor,,
293,First Floor,2026-09-28,331
294,Men Locker Room,,
295,VIP Zone,,
296,Men Locker Room,,
297,First Floor,,
298,Men Locker Room,,
299,Men Locker Room,2026-07-16,482
300,Pool Area,,
301,Pool Area,2026-05-07,194
302,Men Locker Room,2027-01-07,298
303,Women Locker Room,,
304,Men Locker Room,2026-08-07,317
305,Men Locker Room,,
306,VIP Zone,2027-02-01,274
307,Women Locker Room,,
308,Men Locker Room,,
309,Men Locker Room,2026-09-16,487
310,VIP Zone,,
311,VIP Zone,2026-11-21,414
312,Men Locker Room,2026-09-25,4
313,Spa Area,,
314,Pool Area,2026-08-12,99
315,First Floor,,
316,Men Locker Room,2026-10-29,139
317,First Floor,2026-05-08,165
318,Women Locker Room,2027-03-01,437
319,Women Locker Room,2027-02-04,296
320,First Floor,2027-02-05,473
321,Men Locker Room,,
322,First Floor,,
323,Women Locker Room,2027-02-10,451
324,Men Locker Room,2026-12-19,144
325,Women Locker Room,2027-03-28,20
326,Men Locker Room,,
327,Women Locker Room,2027-03-07,248
328,First Floor,,
329,Women Locker Room,2026-05-19,326
330,Men Locker Room,,
331,Men Locker Room,,
332,Spa Area,,
333,First Floor,,
334,Spa Area,2026-09-10,182
335,First Floor,,
336,Men Locker Room,2027-02-22,340
337,First Floor,2027-02-24,426
338,Women Locker Room,2026-12-03,371
339,Men Locker Room,,
340,Women Locker Room,2026-05-09,376
341,Men Locker Room,,
342,Women Locker Room,,
343,Women Locker Room,,
344,Studio Corridor,2026-12-11,287
345,Women Locker Room,,
346,Pool Area,2026-09-03,449
347,Women Locker Room,,
348,VIP Zone,,
349,Women Locker Room,,
350,VIP Zone,,
351,Men Locker Room,,
352,First Floor,2026-05-15,190
353,Women Locker Room,2027-01-22,239
354,Men Locker Room,2026-04-20,441
355,VIP Zone,,
356,First Floor,,
357,Women Locker Room,,
358,Studio Corridor,,
359,Spa Area,,
360,Studio Corridor,2026-10-15,481
361,Men Locker Room,2027-02-26,181
362,Studio Corridor,,
363,Women Locker Room,2026-06-01,266
364,First Floor,,
365,First Floor,,
366,Men Locker Room,2026-06-01,299
367,Spa Area,2026-06-03,47
368,First Floor,2026-11-03,220
369,Women Locker Room,,
370,First Floor,,
371,Men Locker Room,2026-04-24,32
372,Men Locker Room,,
373,Pool Area,,
374,Pool Area,,
375,Women Locker Room,2026-09-20,211
376,First Floor,2026-05-26,493
377,Men Locker Room,,
378,Studio Corridor,,
379,First Floor,2026-08-03,390
380,Men Locker Room,,
381,Men Locker Room,,
382,Studio Corridor,2027-03-22,51
383,Women Locker Room,,
384,Studio Corridor,,
385,VIP Zone,2026-06-25,209
386,Spa Area,,
387,Women Locker Room,,
388,First Floor,,
389,Women Locker Room,2027-02-09,73
390,Men Locker Room,,
391,Men Locker Room,2026-11-03,107
392,Women Locker Room,,
393,Women Locker Room,,
394,Women Locker Room,2026-07-31,131
395,Spa Area,,
396,Men Locker Room,2026-04-18,128
397,Pool Area,2027-02-19,339
398,Spa Area,,
399,First Floor,,
400,Women Locker Room,,
401,Men Locker Room,,
402,First Floor,,
403,Men Locker Room,,
404,VIP Zone,2027-01-11,298
405,Pool Area,,
406,Men Locker Room,2026-07-09,494
407,Women Locker Room,,
408,Studio Corridor,2026-07-22,387
409,Men Locker Room,2027-02-22,235
410,Men Locker Room,2026-11-09,440
411,Men Locker Room,2026-04-13,28
412,Men Locker Room,2026-09-18,392
413,Men Locker Room,2026-11-16,51
414,First Floor,,
415,Women Locker Room,,
416,Men Locker Room,2026-04-09,74
417,Men Locker Room,,
418,First Floor,,
419,VIP Zone,2027-02-27,275
420,Women Locker Room,2026-04-30,396
421,First Floor,2026-06-12,49
422,Women Locker Room,,
423,Men Locker Room,,
424,Men Locker Room,,
425,Studio Corridor,,
426,First Floor,,
427,Women Locker Room,2026-10-30,241
428,Men Locker Room,,
429,First Floor,2027-03-06,80
430,Men Locker Room,2026-07-22,131
431,Women Locker Room,,
432,Studio Corridor,2026-04-21,130
433,Women Locker Room,,
434,First Floor,2026-06-06,229
435,Women Locker Room,2027-01-09,205
436,First Floor,,
437,Women Locker Room,,
438,Women Locker Room,,
439,Spa Area,,
440,First Floor,2027-02-23,285
441,Studio Corridor,,
442,Men Locker Room,,
443,Pool Area,2026-10-29,477
444,First Floor,2026-09-05,189
445,Women Locker Room,,
446,First Floor,2026-09-30,415
447,Men Locker Room,,
448,Women Locker Room,2026-09-14,35
449,Women Locker Room,,
450,Men Locker Room,,
451,Men Locker Room,2027-03-06,127
452,VIP Zone,2026-09-27,157
453,Men Locker Room,,
454,Women Locker Room,,
455,Women Locker Room,,
456,Studio Corridor,,
457,Men Locker Room,,
458,First Floor,,
459,Women Locker Room,,
460,Women Locker Room,2026-06-16,223
461,Men Locker Room,2026-06-28,153
462,Studio Corridor,,
463,Studio Corridor,2027-02-20,293
464,First Floor,2026-06-24,20
465,Men Locker Room,,
466,First Floor,,
467,Women Locker Room,,
468,Pool Area,2026-09-27,223
469,Men Locker Room,2026-09-01,361
470,Men Locker Room,2026-10-06,186
471,Women Locker Room,,
472,Men Locker Room,2026-11-23,146
473,VIP Zone,2026-10-03,193
474,Men Locker Room,,
475,Studio Corridor,,
476,First Floor,2026-10-24,399
477,Women Locker Room,,
478,Men Locker Room,2027-01-23,18
479,Women Locker Room,,
480,Men Locker Room,,
481,Women Locker Room,2027-01-20,498
482,Women Locker Room,2026-06-17,359
483,Men Locker Room,,
484,Women Locker Room,,
485,Men Locker Room,,
486,Spa Area,,
487,Women Locker Room,,
488,Men Locker Room,2026-11-21,381
489,Women Locker Room,2027-03-11,157
490,Men Locker Room,2026-09-11,48
491,Men Locker Room,,
492,Spa Area,,
493,First Floor,,
494,Men Locker Room,,
495,First Floor,,
496,First Floor,,
497,Men Locker Room,2026-11-22,387
498,Men Locker Room,,
499,Men Locker Room,,
500,Women Locker Room,2026-06-20,325
